Line Number,Location path code,L1,L2,L3,L4,L5,Category,Utterance: Single word or phrase,Type of Sign,Training/ Spontaneous
1,A,A        Talk about,,,,,Navigation,Phrase,Abstract Sign,Trained - Repeated
2,AA,A        Talk about,AA   Back,,,,Navigation,Single Word,Abstract Sign,Trained - Repeated
3,AB,A        Talk about,AB   Animals,,,,Navigation,Single Word,Drawing,Trained - Repeated
4,ABA,A        Talk about,AB   Animals,ABA Back,,,Navigation,Single Word,Abstract Sign,Trained - Repeated
5,ABB,A        Talk about,AB   Animals,ABB,,,,,,
6,ABC,A        Talk about,AB   Animals,ABC Underwater Animals,,,Navigation,Phrase,Drawing,Trained - Repeated
7,ABCA,A        Talk about,AB   Animals,ABC Underwater Animals,ABCA Back,,Navigation,Single Word,Abstract Sign,Trained - Repeated
8,ABCB,A        Talk about,AB   Animals,ABC Underwater Animals,ABCB Fish,,Socio-Cognitive,Single Word,Drawing,Trained
9,ABCC,A        Talk about,AB   Animals,ABC Underwater Animals,ABCC ,,,,,
10,ABCD,A        Talk about,AB   Animals,ABC Underwater Animals,ABCD Turtle,,Socio-Cognitive,Single Word,Drawing,Trained
11,ABCE,A        Talk about,AB   Animals,ABC Underwater Animals,ABCE Octopus,,Socio-Cognitive,Single Word,Photo,Trained
12,ABCF,A        Talk about,AB   Animals,ABC Underwater Animals,ABCF Seahorse,,Socio-Cognitive,Single Word,Photo,Trained
13,ABCG,A        Talk about,AB   Animals,ABC Underwater Animals,ABCG Dolphin,,Socio-Cognitive,Single Word,Photo,Trained
14,ABCH,A        Talk about,AB   Animals,ABC Underwater Animals,ABCH Crab,,Socio-Cognitive,Single Word,Drawing,Trained
15,ABCI,A        Talk about,AB   Animals,ABC Underwater Animals,ABCI Book,,Socio-Cognitive,Single Word,Drawing,Trained - Repeated
16,ABCJ,A        Talk about,AB   Animals,ABC Underwater Animals,ABCJ Look at art,,Socio-Cognitive,Phrase,Drawing,Trained - Repeated
17,ABCK,A        Talk about,AB   Animals,ABC Underwater Animals,ABCK Talk about,,Socio-Cognitive,Phrase,Abstract Sign,Trained - Repeated
18,ABCL,A        Talk about,AB   Animals,ABC Underwater Animals,ABCL Game,,Socio-Cognitive,Single Word,Photo,Trained - Repeated
19,ABCM,A        Talk about,AB   Animals,ABC Underwater Animals,ABCM Past,,Space-Temporal,Single Word,Abstract Sign,Trained - Repeated
20,ABCN,A        Talk about,AB   Animals,ABC Underwater Animals,ABCN Today,,Space-Temporal,Single Word,Drawing,Trained - Repeated
21,ABCO,A        Talk about,AB   Animals,ABC Underwater Animals,ABCO Future,,Space-Temporal,Single Word,Abstract Sign,Trained - Repeated
22,ABCP,A        Talk about,AB   Animals,ABC Underwater Animals,ABCP Like,,Self/State,Single Word,Abstract Sign,Trained - Repeated
23,ABCQ,A        Talk about,AB   Animals,ABC Underwater Animals,ABCQ No like,,Self/State,Phrase,Abstract Sign,Trained - Repeated
24,ABCR,A        Talk about,AB   Animals,ABC Underwater Animals,ABCR Want,,Self/State,Single Word,Drawing,Trained - Repeated
25,ABD,A        Talk about,AB   Animals,ABD Baby Animals,,,Navigation,Phrase,Photo,Trained - Repeated
26,ABDA,A        Talk about,AB   Animals,ABD Baby Animals,ABDA Back,,Navigation,Single Word,Abstract Sign,Trained - Repeated
27,ABDB,A        Talk about,AB   Animals,ABD Baby Animals,ABDB Chick,,Socio-Cognitive,Single Word,Photo,Trained
28,ABDC,A        Talk about,AB   Animals,ABD Baby Animals,ABDC Lamb,,Socio-Cognitive,Single Word,Photo,Trained
29,ABDD,A        Talk about,AB   Animals,ABD Baby Animals,ABDD,,,,,
30,ABDE,A        Talk about,AB   Animals,ABD Baby Animals,ABDE Bunny,,Socio-Cognitive,Single Word,Photo,Trained
31,ABDF,A        Talk about,AB   Animals,ABD Baby Animals,ABDF Duck,,Socio-Cognitive,Single Word,Photo,Trained
32,ABDG,A        Talk about,AB   Animals,ABD Baby Animals,ABDG Puppy,,Socio-Cognitive,Single Word,Photo,Trained
33,ABDH,A        Talk about,AB   Animals,ABD Baby Animals,ABDH Kitten,,Socio-Cognitive,Single Word,Photo,Trained
34,ABDI,A        Talk about,AB   Animals,ABD Baby Animals,ABDI Book,,Socio-Cognitive,Single Word,Drawing,Trained - Repeated
35,ABDJ,A        Talk about,AB   Animals,ABD Baby Animals,ABDJ Look at art,,Socio-Cognitive,Phrase,Abstract Sign,Trained - Repeated
36,ABDK,A        Talk about,AB   Animals,ABD Baby Animals,ABDK Talk about,,Socio-Cognitive,Phrase,Abstract Sign,Trained - Repeated
37,ABDL,A        Talk about,AB   Animals,ABD Baby Animals,ABDL Game,,Socio-Cognitive,Single Word,Photo,Trained - Repeated
38,ABDM,A        Talk about,AB   Animals,ABD Baby Animals,ABDM Past,,Space-Temporal,Single Word,Abstract Sign,Trained - Repeated
39,ABDN,A        Talk about,AB   Animals,ABD Baby Animals,ABDN Today,,Space-Temporal,Single Word,Drawing,Trained - Repeated
40,ABDO,A        Talk about,AB   Animals,ABD Baby Animals,ABDO Future,,Space-Temporal,Single Word,Abstract Sign,Trained - Repeated
41,ABDP,A        Talk about,AB   Animals,ABD Baby Animals,ABDP Like,,Self/State,Single Word,Abstract Sign,Trained - Repeated
42,ABDQ,A        Talk about,AB   Animals,ABD Baby Animals,ABDQ No like,,Self/State,Phrase,Abstract Sign,Trained - Repeated
43,ABDR,A        Talk about,AB   Animals,ABD Baby Animals,ABDR Want,,Self/State,Single Word,Drawing,Trained - Repeated
44,ABE,A        Talk about,AB   Animals,ABE Jungle Animals,,,Navigation,Phrase,Photo,Trained - Repeated
45,ABEA,A        Talk about,AB   Animals,ABE Jungle Animals,ABEA Back,,Navigation,Single Word,Abstract Sign,Trained - Repeated
46,ABEB,A        Talk about,AB   Animals,ABE Jungle Animals,ABEB Lion,,Socio-Cognitive,Single Word,Photo,Trained
47,ABEC,A        Talk about,AB   Animals,ABE Jungle Animals,ABEC Giraffe,,Socio-Cognitive,Single Word,Photo,Trained
48,ABED,A        Talk about,AB   Animals,ABE Jungle Animals,ABED Elephant,,Socio-Cognitive,Single Word,Photo,Trained
49,ABEE,A        Talk about,AB   Animals,ABE Jungle Animals,ABEE,,,,,
50,ABEF,A        Talk about,AB   Animals,ABE Jungle Animals,ABEF Gorilla,,Socio-Cognitive,Single Word,Photo,Trained
51,ABEG,A        Talk about,AB   Animals,ABE Jungle Animals,ABEG Zebra,,Socio-Cognitive,Single Word,Photo,Trained
52,ABEH,A        Talk about,AB   Animals,ABE Jungle Animals,ABEH Monkey,,Socio-Cognitive,Single Word,Photo,Trained
53,ABEI,A        Talk about,AB   Animals,ABE Jungle Animals,ABEI Book,,Socio-Cognitive,Single Word,Drawing,Trained - Repeated
54,ABEJ,A        Talk about,AB   Animals,ABE Jungle Animals,ABEJ Look at art,,Socio-Cognitive,Phrase,Drawing,Trained - Repeated
55,ABEK,A        Talk about,AB   Animals,ABE Jungle Animals,ABEK Talk about,,Socio-Cognitive,Phrase,Abstract Sign,Trained - Repeated
56,ABEL,A        Talk about,AB   Animals,ABE Jungle Animals,ABEL Game,,Socio-Cognitive,Single Word,Photo,Trained - Repeated
57,ABEM,A        Talk about,AB   Animals,ABE Jungle Animals,ABEM Past,,Space-Temporal,Single Word,Abstract Sign,Trained - Repeated
58,ABEN,A        Talk about,AB   Animals,ABE Jungle Animals,ABEN Today,,Space-Temporal,Single Word,Drawing,Trained - Repeated
59,ABEO,A        Talk about,AB   Animals,ABE Jungle Animals,ABEO Future,,Space-Temporal,Single Word,Abstract Sign,Trained - Repeated
60,ABEP,A        Talk about,AB   Animals,ABE Jungle Animals,ABEP Like,,Self/State,Single Word,Abstract Sign,Trained - Repeated
61,ABEQ,A        Talk about,AB   Animals,ABE Jungle Animals,ABEQ No like,,Self/State,Phrase,Abstract Sign,Trained - Repeated
62,ABER,A        Talk about,AB   Animals,ABE Jungle Animals,ABER Want,,Self/State,Single Word,Drawing,Trained - Repeated
63,ABF,A        Talk about,AB   Animals,ABF Backyard Animals,,,Navigation,Phrase,Photo,Trained - Repeated
64,ABFA,A        Talk about,AB   Animals,ABF Backyard Animals,ABFA Back,,Navigation,Single Word,Abstract Sign,Trained - Repeated
65,ABFB,A        Talk about,AB   Animals,ABF Backyard Animals,ABFB Squirrel,,Socio-Cognitive,Single Word,Photo,Trained - Repeated
66,ABFC,A        Talk about,AB   Animals,ABF Backyard Animals,ABFC Rabbit,,Socio-Cognitive,Single Word,Photo,Trained
67,ABFD,A        Talk about,AB   Animals,ABF Backyard Animals,ABFD Iguana,,Socio-Cognitive,Single Word,Photo,Trained
68,ABFE,A        Talk about,AB   Animals,ABF Backyard Animals,ABFE Bird,,Socio-Cognitive,Single Word,Photo,Trained
69,ABFF,A        Talk about,AB   Animals,ABF Backyard Animals,ABFF,,,,,
70,ABFG,A        Talk about,AB   Animals,ABF Backyard Animals,ABFG Deer,,Socio-Cognitive,Single Word,Photo,Trained
71,ABFH,A        Talk about,AB   Animals,ABF Backyard Animals,ABFH Raccoon,,Socio-Cognitive,Single Word,Photo,Trained
72,ABFI,A        Talk about,AB   Animals,ABF Backyard Animals,ABFI Book,,Socio-Cognitive,Single Word,Drawing,Trained - Repeated
73,ABFJ,A        Talk about,AB   Animals,ABF Backyard Animals,ABFJ Look at art,,Socio-Cognitive,Phrase,Drawing,Trained - Repeated
74,ABFK,A        Talk about,AB   Animals,ABF Backyard Animals,ABFK Talk about,,Socio-Cognitive,Phrase,Abstract Sign,Trained - Repeated
75,ABFL,A        Talk about,AB   Animals,ABF Backyard Animals,ABFL Game,,Socio-Cognitive,Single Word,Photo,Trained - Repeated
76,ABFM,A        Talk about,AB   Animals,ABF Backyard Animals,ABFM Past,,Space-Temporal,Single Word,Abstract Sign,Trained - Repeated
77,ABFN,A        Talk about,AB   Animals,ABF Backyard Animals,ABFN Today,,Space-Temporal,Single Word,Drawing,Trained - Repeated
78,ABFO,A        Talk about,AB   Animals,ABF Backyard Animals,ABFO Future,,Space-Temporal,Single Word,Abstract Sign,Trained - Repeated
79,ABFP,A        Talk about,AB   Animals,ABF Backyard Animals,ABFP Like,,Self/State,Single Word,Abstract Sign,Trained - Repeated
80,ABFQ,A        Talk about,AB   Animals,ABF Backyard Animals,ABFQ No like,,Self/State,Phrase,Abstract Sign,Trained - Repeated
81,ABFR,A        Talk about,AB   Animals,ABF Backyard Animals,ABFR Want,,Self/State,Single Word,Drawing,Trained - Repeated
82,ABG,A        Talk about,AB   Animals,ABG Bugs,,,Navigation,Single Word,Photo,Trained - Repeated
83,ABGA,A        Talk about,AB   Animals,ABG Bugs,ABGA Back,,Navigation,Single Word,Abstract Sign,Trained - Repeated
84,ABGB,A        Talk about,AB   Animals,ABG Bugs,ABGB Yuck bug,,Socio-Cognitive,Phrase,Photo,Trained
85,ABGC,A        Talk about,AB   Animals,ABG Bugs,ABGC Ant,,Socio-Cognitive,Single Word,Photo,Trained
86,ABGD,A        Talk about,AB   Animals,ABG Bugs,ABGD Butterfly,,Socio-Cognitive,Single Word,Drawing,Trained - Repeated
87,ABGE,A        Talk about,AB   Animals,ABG Bugs,ABGE High up,,Space-Temporal,Phrase,Drawing,Untrained - Discovered
88,ABGF,A        Talk about,AB   Animals,ABG Bugs,ABGF Down low,,Space-Temporal,Phrase,Drawing,Untrained - Discovered
89,ABGG,A        Talk about,AB   Animals,ABG Bugs,ABGG,,,,,
90,ABGH,A        Talk about,AB   Animals,ABG Bugs,ABGH Fix,,Qualifiers,Single Word,Drawing,Untrained - Discovered
91,ABGI,A        Talk about,AB   Animals,ABG Bugs,ABGI Broken,,Qualifiers,Single Word,Drawing,Untrained - Discovered
92,ABGJ,A        Talk about,AB   Animals,ABG Bugs,ABGJ Dark,,Qualifiers,Single Word,Photo,Untrained - Discovered
93,ABGK,A        Talk about,AB   Animals,ABG Bugs,ABGK Light,,Qualifiers,Single Word,Photo,Untrained - Discovered
94,ABGL,A        Talk about,AB   Animals,ABG Bugs,ABGL Mom,,Family & Friends,Single Word,Photo,Trained - Repeated
95,ABGM,A        Talk about,AB   Animals,ABG Bugs,ABGM Ellie,,Family & Friends,Single Word,Photo,Trained - Repeated
96,ABGN,A        Talk about,AB   Animals,ABG Bugs,ABGN Isabelle,,Family & Friends,Single Word,Photo,Trained - Repeated
97,ABGO,A        Talk about,AB   Animals,ABG Bugs,ABGO Tillie,,Family & Friends,Single Word,Photo,Trained - Repeated
98,ABGP,A        Talk about,AB   Animals,ABG Bugs,ABGP Like,,Self/State,Single Word,Abstract Sign,Trained - Repeated
99,ABGQ,A        Talk about,AB   Animals,ABG Bugs,ABGQ No like,,Self/State,Phrase,Abstract Sign,Trained - Repeated
100,ABGR,A        Talk about,AB   Animals,ABG Bugs,ABGR Afraid,,Self/State,Single Word,Drawing,Trained - Repeated
101,AC,A        Talk about,AC   Fantasy,,,,Navigation,Single Word,Drawing,Trained - Repeated
102,ACA,A        Talk about,AC   Fantasy,ACA Back,,,Navigation,Single Word,Abstract Sign,Trained - Repeated
103,ACB,A        Talk about,AC   Fantasy,ACB Dragon,,,Socio-Cognitive,Single Word,Drawing,Trained - Repeated
104,ACC,A        Talk about,AC   Fantasy,ACC,,,,,,
105,ACD,A        Talk about,AC   Fantasy,ACD Unicorn,,,Socio-Cognitive,Single Word,Drawing,Trained - Repeated
106,ACE,A        Talk about,AC   Fantasy,ACE Fairy,,,Socio-Cognitive,Single Word,Drawing,Trained - Repeated
107,ACF,A        Talk about,AC   Fantasy,ACF Mermaid,,,Socio-Cognitive,Single Word,Drawing,Trained - Repeated
108,ACG,A        Talk about,AC   Fantasy,ACG Elf,,,Socio-Cognitive,Single Word,Drawing,Trained - Repeated
109,ACH,A        Talk about,AC   Fantasy,ACH Gnome,,,Socio-Cognitive,Single Word,Drawing,Trained - Repeated
110,ACI,A        Talk about,AC   Fantasy,ACI Book,,,Socio-Cognitive,Single Word,Drawing,Trained - Repeated
111,ACJ,A        Talk about,AC   Fantasy,ACJ Look at Art,,,Socio-Cognitive,Phrase,Drawing,Trained - Repeated
112,ACK,A        Talk about,AC   Fantasy,ACK Talk about,,,Socio-Cognitive,Phrase,Abstract Sign,Trained - Repeated
113,ACL,A        Talk about,AC   Fantasy,ACL Game,,,Socio-Cognitive,Single Word,Photo,Trained - Repeated
114,ACM,A        Talk about,AC   Fantasy,ACM Past,,,Space-Temporal,Single Word,Abstract Sign,Trained - Repeated
115,ACN,A        Talk about,AC   Fantasy,ACN Today,,,Space-Temporal,Single Word,Drawing,Trained - Repeated
116,ACO,A        Talk about,AC   Fantasy,ACO Future,,,Space-Temporal,Single Word,Abstract Sign,Trained - Repeated
117,ACP,A        Talk about,AC   Fantasy,ACP Like,,,Self/State,Single Word,Abstract Sign,Trained - Repeated
118,ACQ,A        Talk about,AC   Fantasy,ACQ No like,,,Self/State,Phrase,Abstract Sign,Trained - Repeated
119,ACR,A        Talk about,AC   Fantasy,ACR Want,,,Self/State,Single Word,Drawing,Trained - Repeated
120,AD,A        Talk about,AD   Seasonal,,,,Navigation,Single Word,Photo,Trained - Repeated
121,ADA,A        Talk about,AD   Seasonal,ADA Back,,,Navigation,Single Word,Abstract Sign,Trained - Repeated
122,ADB,A        Talk about,AD   Seasonal,ADB Seasonal,,,Navigation,Single Word,Photo,Trained - Repeated
123,ADBA,A        Talk about,AD   Seasonal,ADB Seasonal,ADBA Back,,Navigation,Single Word,Abstract Sign,Trained - Repeated
124,ADBB,A        Talk about,AD   Seasonal,ADB Seasonal,ADBB ,,,,,
125,ADBC,A        Talk about,AD   Seasonal,ADB Seasonal,ADBC Spring,,Navigation,Single Word,Photo,Trained - Repeated
126,ADBCA,A        Talk about,AD   Seasonal,ADB Seasonal,ADBC Spring,ADBCA Back,Navigation,Single Word,Abstract Sign,Trained - Repeated
127,ADBCB,A        Talk about,AD   Seasonal,ADB Seasonal,ADBC Spring,ADBCB Flowers,Socio-Cognitive,Single Word,Drawing,Trained
128,ADBCC,A        Talk about,AD   Seasonal,ADB Seasonal,ADBC Spring,ADBCC,,,,
129,ADBCD,A        Talk about,AD   Seasonal,ADB Seasonal,ADBC Spring,ADBCD Sprouts,Socio-Cognitive,Single Word,Drawing,Trained
130,ADBCE,A        Talk about,AD   Seasonal,ADB Seasonal,ADBC Spring,ADBCE Dirt,Socio-Cognitive,Single Word,Drawing,Trained
131,ADBCF,A        Talk about,AD   Seasonal,ADB Seasonal,ADBC Spring,ADBCF Grass,Socio-Cognitive,Single Word,Drawing,Trained
132,ADBCG,A        Talk about,AD   Seasonal,ADB Seasonal,ADBC Spring,ADBCG Outside Walk,Socio-Cognitive,Phrase,Abstract Sign,Trained - Repeated
133,ADBCH,A        Talk about,AD   Seasonal,ADB Seasonal,ADBC Spring,ADBCH Baby animals,Socio-Cognitive,Phrase,Photo,Trained - Repeated
134,ADBCI,A        Talk about,AD   Seasonal,ADB Seasonal,ADBC Spring,ADBCI Butterfly,Socio-Cognitive,Single Word,Drawing,Trained - Repeated
135,ADBCJ,A        Talk about,AD   Seasonal,ADB Seasonal,ADBC Spring,ADBCJ Spring Cartoons,Resources,Phrase,Photo,Generalized
136,ADBCK,A        Talk about,AD   Seasonal,ADB Seasonal,ADBC Spring,ADBCK Spring Music,Resources,Phrase,Drawing,Generalized
137,ADBCL,A        Talk about,AD   Seasonal,ADB Seasonal,ADBC Spring,ADBCL Craft,Socio-Cognitive,Single Word,Drawing,Trained - Repeated
138,ADBCM,A        Talk about,AD   Seasonal,ADB Seasonal,ADBC Spring,ADBCM Book,Socio-Cognitive,Single Word,Drawing,Trained - Repeated
139,ADBCN,A        Talk about,AD   Seasonal,ADB Seasonal,ADBC Spring,ADBCN Game,Socio-Cognitive,Single Word,Photo,Trained - Repeated
140,ADBCO,A        Talk about,AD   Seasonal,ADB Seasonal,ADBC Spring,ADBCO Card Game,Socio-Cognitive,Single Word,Drawing,Trained - Repeated
141,ADBCP,A        Talk about,AD   Seasonal,ADB Seasonal,ADBC Spring,ADBCP Past,Space-Temporal,Single Word,Abstract Sign,Trained - Repeated
142,ADBCQ,A        Talk about,AD   Seasonal,ADB Seasonal,ADBC Spring,ADBCQ Today,Space-Temporal,Single Word,Drawing,Trained - Repeated
143,ADBCR,A        Talk about,AD   Seasonal,ADB Seasonal,ADBC Spring,ADBCR Future,Space-Temporal,Single Word,Abstract Sign,Trained - Repeated
144,ADBCS,A        Talk about,AD   Seasonal,ADB Seasonal,ADBC Spring,ADBCS Like,Self/State,Single Word,Abstract Sign,Trained - Repeated
145,ADBCT,A        Talk about,AD   Seasonal,ADB Seasonal,ADBC Spring,ADBCT No like,Self/State,Phrase,Abstract Sign,Trained - Repeated
146,ADBD,A        Talk about,AD   Seasonal,ADB Seasonal,ADBD Summer,,Navigation,Single Word,Photo,Trained - Repeated
147,ADBDA,A        Talk about,AD   Seasonal,ADB Seasonal,ADBD Summer,ADBDA Back,Navigation,Single Word,Abstract Sign,Trained - Repeated
148,ADBDB,A        Talk about,AD   Seasonal,ADB Seasonal,ADBD Summer,ADBDB Outside Shower,Space-Temporal,Phrase,Abstract Sign,Trained - Repeated
149,ADBDC,A        Talk about,AD   Seasonal,ADB Seasonal,ADBD Summer,ADBDC Sun,Space-Temporal,Single Word,Photo,Trained - Repeated
150,ADBDD,A        Talk about,AD   Seasonal,ADB Seasonal,ADBD Summer,ADBDD ,,,,
151,ADBDE,A        Talk about,AD   Seasonal,ADB Seasonal,ADBD Summer,ADBDE Rain,Space-Temporal,Single Word,Photo,Trained - Repeated
152,ADBDF,A        Talk about,AD   Seasonal,ADB Seasonal,ADBD Summer,ADBDF Thunder,Space-Temporal,Single Word,Photo,Trained - Repeated
153,ADBDG,A        Talk about,AD   Seasonal,ADB Seasonal,ADBD Summer,ADBDG Fireworks,Space-Temporal,Single Word,Photo,Trained
154,ADBDH,A        Talk about,AD   Seasonal,ADB Seasonal,ADBD Summer,ADBDH Golf Cart Ride,Space-Temporal,Phrase,Photo,Trained - Repeated
155,ADBDI,A        Talk about,AD   Seasonal,ADB Seasonal,ADBD Summer,ADBDI Hot Outside,Space-Temporal,Phrase,Photo,Trained - Repeated
156,ADBDJ,A        Talk about,AD   Seasonal,ADB Seasonal,ADBD Summer,ADBDJ Cool Outside,Space-Temporal,Phrase,Photo,Trained - Repeated
157,ADBDK,A        Talk about,AD   Seasonal,ADB Seasonal,ADBD Summer,ADBDK Banana Straw,Resources,Phrase,Photo,Untrained - Unused
158,ADBDL,A        Talk about,AD   Seasonal,ADB Seasonal,ADBD Summer,ADBDL Sensory Bowl,Resources,Phrase,Photo,Untrained - Unused
159,ADBDM,A        Talk about,AD   Seasonal,ADB Seasonal,ADBD Summer,ADBDM Summer Cartoon,Resources,Phrase,Photo,Generalized
160,ADBDN,A        Talk about,AD   Seasonal,ADB Seasonal,ADBD Summer,ADBDN Summer Music,Resources,Phrase,Drawing,Generalized
161,ADBDO,A        Talk about,AD   Seasonal,ADB Seasonal,ADBD Summer,ADBDO Craft,Socio-Cognitive,Single Word,Drawing,Trained - Repeated
162,ADBDP,A        Talk about,AD   Seasonal,ADB Seasonal,ADBD Summer,ADBDP Book,Socio-Cognitive,Single Word,Drawing,Trained - Repeated
163,ADBDQ,A        Talk about,AD   Seasonal,ADB Seasonal,ADBD Summer,ADBDQ Game,Socio-Cognitive,Single Word,Photo,Trained - Repeated
164,ADBDR,A        Talk about,AD   Seasonal,ADB Seasonal,ADBD Summer,ADBDR Card Game,Socio-Cognitive,Phrase,Drawing,Trained - Repeated
165,ADBDS,A        Talk about,AD   Seasonal,ADB Seasonal,ADBD Summer,ADBDS Past,Space-Temporal,Single Word,Abstract Sign,Trained - Repeated
166,ADBDT,A        Talk about,AD   Seasonal,ADB Seasonal,ADBD Summer,ADBDT Today,Space-Temporal,Single Word,Drawing,Trained - Repeated
167,ADBDU,A        Talk about,AD   Seasonal,ADB Seasonal,ADBD Summer,ADBDU Future,Space-Temporal,Single Word,Abstract Sign,Trained - Repeated
168,ADBDV,A        Talk about,AD   Seasonal,ADB Seasonal,ADBD Summer,ADBDV Like,Self/State,Single Word,Abstract Sign,Trained - Repeated
169,ADBDW,A        Talk about,AD   Seasonal,ADB Seasonal,ADBD Summer,ADBDW No Like,Self/State,Phrase,Abstract Sign,Trained - Repeated
170,ADBE,A        Talk about,AD   Seasonal,ADB Seasonal,ADBE Fall,,Navigation,Single Word,Photo,Trained - Repeated
171,ADBEA,A        Talk about,AD   Seasonal,ADB Seasonal,ADBE Fall,ADBEA Back,Navigation,Single Word,Abstract Sign,Trained - Repeated
172,ADBEB,A        Talk about,AD   Seasonal,ADB Seasonal,ADBE Fall,ADBEB Trees,Socio-Cognitive,Single Word,Photo,Trained
173,ADBEC,A        Talk about,AD   Seasonal,ADB Seasonal,ADBE Fall,ADBEC Leaves,Socio-Cognitive,Single Word,Photo,Trained
174,ADBED,A        Talk about,AD   Seasonal,ADB Seasonal,ADBE Fall,ADBED Acorn,Socio-Cognitive,Single Word,Photo,Trained
175,ADBEE,A        Talk about,AD   Seasonal,ADB Seasonal,ADBE Fall,ADBEE,,,,
176,ADBEF,A        Talk about,AD   Seasonal,ADB Seasonal,ADBE Fall,ADBEF Warm clothes,Socio-Cognitive,Phrase,Abstract Sign,Untrained - Unused
177,ADBEG,A        Talk about,AD   Seasonal,ADB Seasonal,ADBE Fall,ADBEG Pumpkin,Socio-Cognitive,Single Word,Photo,Trained
178,ADBEH,A        Talk about,AD   Seasonal,ADB Seasonal,ADBE Fall,ADBEH Warm outside,Space-Temporal,Phrase,Photo,Trained - Repeated
179,ADBEI,A        Talk about,AD   Seasonal,ADB Seasonal,ADBE Fall,ADBEI Cool outside,Space-Temporal,Phrase,Photo,Trained - Repeated
180,ADBEJ,A        Talk about,AD   Seasonal,ADB Seasonal,ADBE Fall,ADBEJ Hot wind heater,Resources,Phrase,Drawing,Trained - Repeated
181,ADBEK,A        Talk about,AD   Seasonal,ADB Seasonal,ADBE Fall,ADBEK Fireplace,Resources,Single Word,Photo,Trained - Repeated
182,ADBEL,A        Talk about,AD   Seasonal,ADB Seasonal,ADBE Fall,ADBEL Hot tea,Resources,Phrase,Photo,Trained - Repeated
183,ADBEM,A        Talk about,AD   Seasonal,ADB Seasonal,ADBE Fall,ADBEM Soup,Resources,Single Word,Drawing,Trained
184,ADBEN,A        Talk about,AD   Seasonal,ADB Seasonal,ADBE Fall,ADBEN Fall cartoons,Resources,Phrase,Photo,Generalized
185,ADBEO,A        Talk about,AD   Seasonal,ADB Seasonal,ADBE Fall,ADBEO Fall music,Resources,Phrase,Drawing,Generalized
186,ADBEP,A        Talk about,AD   Seasonal,ADB Seasonal,ADBE Fall,ADBEP Craft,Socio-Cognitive,Single Word,Drawing,Trained - Repeated
187,ADBEQ,A        Talk about,AD   Seasonal,ADB Seasonal,ADBE Fall,ADBEQ Book,Socio-Cognitive,Single Word,Drawing,Trained - Repeated
188,ADBER,A        Talk about,AD   Seasonal,ADB Seasonal,ADBE Fall,ADBER Game,Socio-Cognitive,Single Word,Photo,Trained - Repeated
189,ADBES,A        Talk about,AD   Seasonal,ADB Seasonal,ADBE Fall,ADBES Card game,Socio-Cognitive,Phrase,Drawing,Trained - Repeated
190,ADBET,A        Talk about,AD   Seasonal,ADB Seasonal,ADBE Fall,ADBET Past,Space-Temporal,Single Word,Abstract Sign,Trained - Repeated
191,ADBEU,A        Talk about,AD   Seasonal,ADB Seasonal,ADBE Fall,ADBEU Today,Space-Temporal,Single Word,Drawing,Trained - Repeated
192,ADBEV,A        Talk about,AD   Seasonal,ADB Seasonal,ADBE Fall,ADBEV Future,Space-Temporal,Single Word,Abstract Sign,Trained - Repeated
193,ADBEW,A        Talk about,AD   Seasonal,ADB Seasonal,ADBE Fall,ADBEW Like,Self/State,Single Word,Abstract Sign,Trained - Repeated
194,ADBEX,A        Talk about,AD   Seasonal,ADB Seasonal,ADBE Fall,ADBEX No Like,Self/State,Phrase,Abstract Sign,Trained - Repeated
195,ADBF,A        Talk about,AD   Seasonal,ADB Seasonal,ADBF Winter,,Navigation,Single Word,Photo,Trained - Repeated
196,ADBFA,A        Talk about,AD   Seasonal,ADB Seasonal,ADBF Winter,ADBFA Back,Navigation,Single Word,Abstract Sign,Trained - Repeated
197,ADBFB,A        Talk about,AD   Seasonal,ADB Seasonal,ADBF Winter,ADBFB Snowflake,Socio-Cognitive,Single Word,Photo,Trained
198,ADBFC,A        Talk about,AD   Seasonal,ADB Seasonal,ADBF Winter,ADBFC Snowman,Socio-Cognitive,Single Word,Drawing,Trained - Repeated
199,ADBFD,A        Talk about,AD   Seasonal,ADB Seasonal,ADBF Winter,ADBFD Fireplace,Resources,Single Word,Photo,Trained - Repeated
200,ADBFE,A        Talk about,AD   Seasonal,ADB Seasonal,ADBF Winter,ADBFE Winter cartoon,Resources,Phrase,Photo,Generalized
201,ADBFF,A        Talk about,AD   Seasonal,ADB Seasonal,ADBF Winter,ADBFF,,,,
202,ADBFG,A        Talk about,AD   Seasonal,ADB Seasonal,ADBF Winter,ADBFG Winter music,Resources,Phrase,Drawing,Generalized
203,ADBFH,A        Talk about,AD   Seasonal,ADB Seasonal,ADBF Winter,ADBFH Book,Socio-Cognitive,Single Word,Drawing,Trained - Repeated
204,ADBFI,A        Talk about,AD   Seasonal,ADB Seasonal,ADBF Winter,ADBFI Look at pictures,Socio-Cognitive,Phrase,Drawing,Trained - Repeated
205,ADBFJ,A        Talk about,AD   Seasonal,ADB Seasonal,ADBF Winter,ADBFJ Game,Socio-Cognitive,Single Word,Photo,Trained - Repeated
206,ADBFK,A        Talk about,AD   Seasonal,ADB Seasonal,ADBF Winter,ADBFK Craft,Socio-Cognitive,Single Word,Drawing,Trained - Repeated
207,ADBFL,A        Talk about,AD   Seasonal,ADB Seasonal,ADBF Winter,ADBFL Card games,Socio-Cognitive,Phrase,Drawing,Trained - Repeated
208,ADBFM,A        Talk about,AD   Seasonal,ADB Seasonal,ADBF Winter,ADBFM Snuggle,Action,Single Word,Drawing,Trained - Repeated
209,ADBFN,A        Talk about,AD   Seasonal,ADB Seasonal,ADBF Winter,ADBFN Past,Space-Temporal,Single Word,Abstract Sign,Trained - Repeated
210,ADBFO,A        Talk about,AD   Seasonal,ADB Seasonal,ADBF Winter,ADBFO Today,Space-Temporal,Single Word,Drawing,Trained - Repeated
211,ADBFP,A        Talk about,AD   Seasonal,ADB Seasonal,ADBF Winter,ADBFP Future,Space-Temporal,Single Word,Abstract Sign,Trained - Repeated
212,ADBFQ,A        Talk about,AD   Seasonal,ADB Seasonal,ADBF Winter,ADBFQ Like,Self/State,Single Word,Abstract Sign,Trained - Repeated
213,ADBFR,A        Talk about,AD   Seasonal,ADB Seasonal,ADBF Winter,ADBFR No like,Self/State,Phrase,Abstract Sign,Trained - Repeated
214,ADC,A        Talk about,AD   Seasonal,ADC Holidays,,,Navigation,Single Word,Photo,Trained - Repeated
215,ADCA,A        Talk about,AD   Seasonal,ADC Holidays,ADCA Back,,Navigation,Single Word,Abstract Sign,Trained - Repeated
216,ADCB,A        Talk about,AD   Seasonal,ADC Holidays,ADCB Easter,,Navigation,Single Word,Photo,Trained
217,ADCBA,A        Talk about,AD   Seasonal,ADC Holidays,ADCB Easter,ADCBA Back,Navigation,Single Word,Abstract Sign,Trained - Repeated
218,ADCBB,A        Talk about,AD   Seasonal,ADC Holidays,ADCB Easter,ADCBB,,,,
219,ADCBC,A        Talk about,AD   Seasonal,ADC Holidays,ADCB Easter,ADCBC Easter bunny,Socio-Cognitive,Single Word,Drawing,Trained
220,ADCBD,A        Talk about,AD   Seasonal,ADC Holidays,ADCB Easter,ADCBD Easter egg,Socio-Cognitive,Phrase,Drawing,Trained
221,ADCBE,A        Talk about,AD   Seasonal,ADC Holidays,ADCB Easter,ADCBE Easter basket,Socio-Cognitive,Phrase,Photo,Trained
222,ADCBF,A        Talk about,AD   Seasonal,ADC Holidays,ADCB Easter,ADCBF Easter cartoons,Resources,Phrase,Photo,Generalized
223,ADCBG,A        Talk about,AD   Seasonal,ADC Holidays,ADCB Easter,ADCBG Easter music,Resources,Phrase,Drawing,Generalized
224,ADCBH,A        Talk about,AD   Seasonal,ADC Holidays,ADCB Easter,ADCBH Craft,Socio-Cognitive,Single Word,Drawing,Trained - Repeated
225,ADCBI,A        Talk about,AD   Seasonal,ADC Holidays,ADCB Easter,ADCBI Book,Socio-Cognitive,Single Word,Drawing,Trained - Repeated
226,ADCBJ,A        Talk about,AD   Seasonal,ADC Holidays,ADCB Easter,ADCBJ Game,Socio-Cognitive,Single Word,Photo,Trained - Repeated
227,ADCBK,A        Talk about,AD   Seasonal,ADC Holidays,ADCB Easter,ADCBK Look at art,Socio-Cognitive,Phrase,Drawing,Trained - Repeated
228,ADCBL,A        Talk about,AD   Seasonal,ADC Holidays,ADCB Easter,ADCBL Warm outside,Space-Temporal,Phrase,Photo,Trained - Repeated
229,ADCBM,A        Talk about,AD   Seasonal,ADC Holidays,ADCB Easter,ADCBM Cool outside,Space-Temporal,Phrase,Photo,Trained - Repeated
230,ADCBN,A        Talk about,AD   Seasonal,ADC Holidays,ADCB Easter,ADCBN Past,Space-Temporal,Single Word,Abstract Sign,Trained - Repeated
231,ADCBO,A        Talk about,AD   Seasonal,ADC Holidays,ADCB Easter,ADCBO Today,Space-Temporal,Single Word,Drawing,Trained - Repeated
232,ADCBP,A        Talk about,AD   Seasonal,ADC Holidays,ADCB Easter,ADCBP Future,Space-Temporal,Single Word,Abstract Sign,Trained - Repeated
233,ADCBQ,A        Talk about,AD   Seasonal,ADC Holidays,ADCB Easter,ADCBQ Like,Self/State,Single Word,Abstract Sign,Trained - Repeated
234,ADCBR,A        Talk about,AD   Seasonal,ADC Holidays,ADCB Easter,ADCBR No like,Self/State,Phrase,Abstract Sign,Trained - Repeated
235,ADCC,A        Talk about,AD   Seasonal,ADC Holidays,ADCC,,,,,
236,ADCD,A        Talk about,AD   Seasonal,ADC Holidays,ADCD Halloween,,Navigation,Single Word,Photo,Trained - Repeated
237,ADCDA,A        Talk about,AD   Seasonal,ADC Holidays,ADCD Halloween,ADCDA Back,Navigation,Single Word,Abstract Sign,Trained - Repeated
238,ADCDB,A        Talk about,AD   Seasonal,ADC Holidays,ADCD Halloween,ADCDB Pumpkin,Socio-Cognitive,Single Word,Photo,Trained - Repeated
239,ADCDC,A        Talk about,AD   Seasonal,ADC Holidays,ADCD Halloween,ADCDC Ghost,Socio-Cognitive,Single Word,Drawing,Trained
240,ADCDD,A        Talk about,AD   Seasonal,ADC Holidays,ADCD Halloween,ADCDD,,,,
241,ADCDE,A        Talk about,AD   Seasonal,ADC Holidays,ADCD Halloween,ADCDE Witch,Socio-Cognitive,Single Word,Drawing,Trained
242,ADCDF,A        Talk about,AD   Seasonal,ADC Holidays,ADCD Halloween,ADCDF Monster,Socio-Cognitive,Single Word,Drawing,Trained
243,ADCDG,A        Talk about,AD   Seasonal,ADC Holidays,ADCD Halloween,ADCDG Black cat,Socio-Cognitive,Phrase,Photo,Trained
244,ADCDH,A        Talk about,AD   Seasonal,ADC Holidays,ADCD Halloween,ADCDH Haunted House,Socio-Cognitive,Phrase,Photo,Trained
245,ADCDI,A        Talk about,AD   Seasonal,ADC Holidays,ADCD Halloween,ADCDI Book,Socio-Cognitive,Single Word,Drawing,Trained - Repeated
246,ADCDJ,A        Talk about,AD   Seasonal,ADC Holidays,ADCD Halloween,ADCDJ Card games,Socio-Cognitive,Phrase,Drawing,Trained - Repeated
247,ADCDK,A        Talk about,AD   Seasonal,ADC Holidays,ADCD Halloween,ADCDK Craft,Socio-Cognitive,Single Word,Drawing,Trained - Repeated
248,ADCDL,A        Talk about,AD   Seasonal,ADC Holidays,ADCD Halloween,ADCDL Halloween lights,Space-Temporal,Phrase,Photo,Trained
249,ADCDM,A        Talk about,AD   Seasonal,ADC Holidays,ADCD Halloween,ADCDM Halloween cartoons,Resources,Phrase,Photo,Generalized
250,ADCDN,A        Talk about,AD   Seasonal,ADC Holidays,ADCD Halloween,ADCDN Game,Socio-Cognitive,Single Word,Photo,Trained - Repeated
251,ADCDO,A        Talk about,AD   Seasonal,ADC Holidays,ADCD Halloween,ADCDO Alexa play Halloween Music,Resources,Phrase,Drawing,Generalized
252,ADCDP,A        Talk about,AD   Seasonal,ADC Holidays,ADCD Halloween,ADCDP Like,Self/State,Single Word,Abstract Sign,Trained - Repeated
253,ADCDQ,A        Talk about,AD   Seasonal,ADC Holidays,ADCD Halloween,ADCDQ No like,Self/State,Phrase,Abstract Sign,Trained - Repeated
254,ADCDR,A        Talk about,AD   Seasonal,ADC Holidays,ADCD Halloween,ADCDR Talk or Learn,Socio-Cognitive,Phrase,Abstract Sign,Generalized
255,ADCE,A        Talk about,AD   Seasonal,ADC Holidays,ADCE Christmas,,Navigation,Single Word,Drawing,Trained
256,ADCEA,A        Talk about,AD   Seasonal,ADC Holidays,ADCE Christmas,ADCEA Back,Navigation,Single Word,Abstract Sign,Trained - Repeated
257,ADCEB,A        Talk about,AD   Seasonal,ADC Holidays,ADCE Christmas,ADCEB Santa,Socio-Cognitive,Single Word,Drawing,Trained
258,ADCEC,A        Talk about,AD   Seasonal,ADC Holidays,ADCE Christmas,ADCEC Frosty,Socio-Cognitive,Single Word,Drawing,Trained
259,ADCED,A        Talk about,AD   Seasonal,ADC Holidays,ADCE Christmas,ADCED Christmas tree,Socio-Cognitive,Phrase,Photo,Trained
260,ADCEE,A        Talk about,AD   Seasonal,ADC Holidays,ADCE Christmas,ADCEE ,,,,
261,ADCEF,A        Talk about,AD   Seasonal,ADC Holidays,ADCE Christmas,ADCEF Presents,Socio-Cognitive,Single Word,Drawing,Trained
262,ADCEG,A        Talk about,AD   Seasonal,ADC Holidays,ADCE Christmas,ADCEG Christmas cartoons,Resources,Phrase,Photo,Generalized
263,ADCEH,A        Talk about,AD   Seasonal,ADC Holidays,ADCE Christmas,ADCEH Christmas music,Resources,Phrase,Drawing,Generalized
264,ADCEI,A        Talk about,AD   Seasonal,ADC Holidays,ADCE Christmas,ADCEI Craft,Socio-Cognitive,Single Word,Drawing,Trained - Repeated
265,ADCEJ,A        Talk about,AD   Seasonal,ADC Holidays,ADCE Christmas,ADCEJ Book,Socio-Cognitive,Single Word,Drawing,Trained - Repeated
266,ADCEK,A        Talk about,AD   Seasonal,ADC Holidays,ADCE Christmas,ADCEK Game,Socio-Cognitive,Single Word,Photo,Trained - Repeated
267,ADCEL,A        Talk about,AD   Seasonal,ADC Holidays,ADCE Christmas,ADCEL Card game,Socio-Cognitive,Phrase,Drawing,Trained - Repeated
268,ADCEM,A        Talk about,AD   Seasonal,ADC Holidays,ADCE Christmas,ADCEM Christmas lights,Space-Temporal,Phrase,Photo,Generalized
269,ADCEN,A        Talk about,AD   Seasonal,ADC Holidays,ADCE Christmas,ADCEN Past,Space-Temporal,Single Word,Abstract Sign,Trained - Repeated
270,ADCEO,A        Talk about,AD   Seasonal,ADC Holidays,ADCE Christmas,ADCEO Today,Space-Temporal,Single Word,Drawing,Trained - Repeated
271,ADCEP,A        Talk about,AD   Seasonal,ADC Holidays,ADCE Christmas,ADCEP Future,Space-Temporal,Single Word,Abstract Sign,Trained - Repeated
272,ADCEQ,A        Talk about,AD   Seasonal,ADC Holidays,ADCE Christmas,ADCEQ Like,Self/State,Single Word,Abstract Sign,Trained - Repeated
273,ADCER,A        Talk about,AD   Seasonal,ADC Holidays,ADCE Christmas,ADCER No Like,Self/State,Phrase,Abstract Sign,Trained - Repeated
274,AE,A        Talk about,AE   Space sky,,,,Navigation,Phrase,Photo,Trained
275,AEA,A        Talk about,AE   Space sky,AEA Back,,,Navigation,Single Word,Abstract Sign,Trained - Repeated
276,AEB,A        Talk about,AE   Space sky,AEB Sun far small,,,Socio-Cognitive,Phrase,Photo,Trained
277,AEC,A        Talk about,AE   Space sky,AEC Sun close big,,,Socio-Cognitive,Phrase,Photo,Trained
278,AED,A        Talk about,AE   Space sky,AED Moon far small,,,Socio-Cognitive,Phrase,Photo,Trained
279,AEE,A        Talk about,AE   Space sky,AEE,,,,,,
280,AEF,A        Talk about,AE   Space sky,AEF Moon close big,,,Socio-Cognitive,Phrase,Photo,Trained
281,AEG,A        Talk about,AE   Space sky,AEG Stars far small,,,Socio-Cognitive,Phrase,Photo,Untrained - Discovered
282,AEH,A        Talk about,AE   Space sky,AEH Stars close big,,,Socio-Cognitive,Phrase,Photo,Untrained - Discovered
283,AEI,A        Talk about,AE   Space sky,AEI Planets far small,,,Socio-Cognitive,Phrase,Photo,Untrained - Discovered
284,AEJ,A        Talk about,AE   Space sky,AEJ Planets close big,,,Socio-Cognitive,Phrase,Photo,Untrained - Discovered
285,AEK,A        Talk about,AE   Space sky,AEK What is it?,,,Socio-Cognitive,Phrase,Abstract Sign,Untrained - Discovered
286,AEL,A        Talk about,AE   Space sky,AEL Look at art,,,Socio-Cognitive,Phrase,Drawing,Trained - Repeated
287,AEM,A        Talk about,AE   Space sky,AEM Book,,,Socio-Cognitive,Single Word,Drawing,Trained - Repeated
288,AEN,A        Talk about,AE   Space sky,AEN Tablet game,,,Socio-Cognitive,Phrase,Drawing,Trained - Repeated
289,AF,A        Talk about,AF   Learn something New,,,,Socio-Cognitive,Phrase,Abstract Sign,Trained - Repeated
290,AG,A        Talk about,AG   Yes and No,,,,Navigation,Phrase,Abstract Sign,Trained
291,AGA,A        Talk about,AG   Yes and No,AGA Back,,,Navigation,Single Word,Abstract Sign,Trained - Repeated
292,AGB,A        Talk about,AG   Yes and No,AGB Yes,,,Affirmations,Single Word,Abstract Sign,Trained
293,AGC,A        Talk about,AG   Yes and No,AGC No,,,Affirmations,Single Word,Abstract Sign,Trained
294,AGD,A        Talk about,AG   Yes and No,AGD I'm not sure,,,Affirmations,Phrase,Abstract Sign,Trained
295,AGE,A        Talk about,AG   Yes and No,AGE Something Else,,,Affirmations,Phrase,Abstract Sign,Trained
296,AGF,A        Talk about,AG   Yes and No,AGF,,,,,,
297,AGG,A        Talk about,AG   Yes and No,AGG,,,,,,
298,AGH,A        Talk about,AG   Yes and No,AGH Like,,,Self/State,Single Word,Abstract Sign,Trained - Repeated
299,AGI,A        Talk about,AG   Yes and No,AGI No like,,,Self/State,Phrase,Abstract Sign,Trained - Repeated
300,AH,A        Talk about,AH   Temp and Weather,,,,Navigation,Phrase,Photo,Trained - Repeated
301,AHA,A        Talk about,AH   Temp and Weather,AHA Back,,,Navigation,Single Word,Abstract Sign,Trained - Repeated
302,AHB,A        Talk about,AH   Temp and Weather,AHB Hot,,,Navigation,Single Word,Abstract Sign,Trained - Repeated
303,AHBA,A        Talk about,AH   Temp and Weather,AHB Hot,AHBA Back,,Navigation,Single Word,Abstract Sign,Trained - Repeated
304,AHBB,A        Talk about,AH   Temp and Weather,AHB Hot,AHBB,,,,,
305,AHBC,A        Talk about,AH   Temp and Weather,AHB Hot,AHBC Hot outside,,Space-Temporal,Phrase,Photo,Untrained - Discovered
306,AHBD,A        Talk about,AH   Temp and Weather,AHB Hot,AHBD Hot inside,,Space-Temporal,Phrase,Drawing,Untrained - Discovered
307,AHBE,A        Talk about,AH   Temp and Weather,AHB Hot,AHBE Like,,Self/State,Single Word,Abstract Sign,Trained
308,AHBF,A        Talk about,AH   Temp and Weather,AHB Hot,AHBF No like,,Self/State,Phrase,Abstract Sign,Trained
309,AHC,A        Talk about,AH   Temp and Weather,AHC Warm,,,Navigation,Single Word,Abstract Sign,Trained
310,AHCA,A        Talk about,AH   Temp and Weather,AHC Warm,AHCA Back,,Navigation,Single Word,Abstract Sign,Trained - Repeated
311,AHCB,A        Talk about,AH   Temp and Weather,AHC Warm,AHCB Warm outside,,Space-Temporal,Phrase,Photo,Untrained - Discovered
312,AHCC,A        Talk about,AH   Temp and Weather,AHC Warm,AHCC,,,,,
313,AHCD,A        Talk about,AH   Temp and Weather,AHC Warm,AHCD Warm inside,,Space-Temporal,Phrase,Abstract Sign,Untrained - Discovered
314,AHD,A        Talk about,AH   Temp and Weather,AHD Cool,,,Space-Temporal,Single Word,Abstract Sign,Trained
315,AHE,A        Talk about,AH   Temp and Weather,AHE Cold,,,Space-Temporal,Single Word,Abstract Sign,Trained
316,AHF,A        Talk about,AH   Temp and Weather,AHF,,,,,,
317,AHG,A        Talk about,AH   Temp and Weather,AHG Day sun,,,Space-Temporal,Phrase,Photo,Trained - Repeated
318,AHH,A        Talk about,AH   Temp and Weather,AHH Lightning Thunder Cheese Game,,,Socio-Cognitive,Single Word,Photo,Trained - Repeated
319,AHI,A        Talk about,AH   Temp and Weather,AHI Rain,,,Space-Temporal,Single Word,Photo,Trained - Repeated
320,AHJ,A        Talk about,AH   Temp and Weather,AHJ Clouds,,,Space-Temporal,Single Word,Photo,Trained - Repeated
321,AHK,A        Talk about,AH   Temp and Weather,AHK Wind,,,Space-Temporal,Single Word,Photo,Trained - Repeated
322,AHL,A        Talk about,AH   Temp and Weather,AHL Night moon,,,Space-Temporal,Phrase,Photo,Trained - Repeated
323,AHM,A        Talk about,AH   Temp and Weather,AHM Like,,,Self/State,Single Word,Abstract Sign,Trained - Repeated
324,AHN,A        Talk about,AH   Temp and Weather,AHN plants,,,Socio-Cognitive,Single Word,Photo,Trained
325,AHO,A        Talk about,AH   Temp and Weather,AHO No like,,,Self/State,Phrase,Abstract Sign,Trained - Repeated
326,AI,A        Talk about,AI   Reading and Phonics,,,,Socio-Cognitive,Phrase,Photo,Trained
327,AJ,A        Talk about,AJ   Tell a story,,,,Socio-Cognitive,Phrase,Drawing,Trained
328,AK,A        Talk about,AK Type,,,,Navigation,Single Word,Photo,Trained
329,AKA,A        Talk about,AK Type,AKA Back,,,Navigation,Single Word,Abstract Sign,Trained - Repeated
330,AKB,A        Talk about,AK Type,"AKB ""A""",,,,,,
331,AKC,A        Talk about,AK Type,"AKC ""B""",,,,,,
332,AKD,A        Talk about,AK Type,"AKD ""E""",,,,,,
333,AKE,A        Talk about,AK Type,"AKE ""L""",,,,,,
334,AKF,A        Talk about,AK Type,"AKF ""T""",,,,,,
335,AKG,A        Talk about,AK Type,"AKG ""F""",,,,,,
336,AKH,A        Talk about,AK Type,"AKH ""P""",,,,,,
337,AKI,A        Talk about,AK Type,"AKI ""D""",,,,,,
338,AKJ,A        Talk about,AK Type,"AKJ ""S""",,,,,,
339,AKK,A        Talk about,AK Type,"AKK ""O""",,,,,,
340,AKL,A        Talk about,AK Type,"AKL ""M""",,,,,,
341,AKM,A        Talk about,AK Type,"AKM ""R""",,,,,,
342,AL,A        Talk about,AL Math,,,,Navigation,Single Word,Photo,Trained
343,ALA,A        Talk about,AL Math,ALA Back,,,,,,
344,ALB,A        Talk about,AL Math,ALB 0,,,,,,
345,ALC,A        Talk about,AL Math,ALC 1,,,,,,
346,ALD,A        Talk about,AL Math,ALD 2,,,,,,
347,ALE,A        Talk about,AL Math,ALE 3,,,,,,
348,ALF,A        Talk about,AL Math,ALF 4,,,,,,
349,ALG,A        Talk about,AL Math,ALG 5,,,,,,
350,ALH,A        Talk about,AL Math,ALH 6,,,,,,
351,ALI,A        Talk about,AL Math,ALI 7,,,,,,
352,ALJ,A        Talk about,AL Math,ALJ 8,,,,,,
353,B,B        Places,,,,,Navigation,Single Word,Photo,Trained
354,BA,B        Places,BA   Back,,,,Navigation,Single Word,Abstract Sign,Trained - Repeated
355,BB,B        Places,BB   ,,,,,,,
356,BC,B        Places,BC   Outside Walk,,,,Space-Temporal,Phrase,Photo,Trained - Repeated
357,BD,B        Places,BD   Isabelle's House,,,,Space-Temporal,Phrase,Photo,Trained
358,BE,B        Places,BE    Tillie's House,,,,Space-Temporal,Phrase,Photo,Trained
359,BF,B        Places,BF    Basket,,,,Space-Temporal,Single Word,Photo,Trained
360,BG,B        Places,BG   Playstand ,,,,Space-Temporal,Single Word,Photo,Trained
361,BH,B        Places,BH   Curtain,,,,Space-Temporal,Single Word,Photo,Trained
362,BI,B        Places,BI  Outside aviary,,,,Space-Temporal,Phrase,Photo,Trained - Repeated
363,BJ,B        Places,BJ  Golf cart ride,,,,Space-Temporal,Phrase,Photo,Trained - Repeated
364,BK,B        Places,BK  River aviary,,,,Space-Temporal,Phrase,Photo,Trained
365,BL,B        Places,BL   Tea room aviary,,,,Space-Temporal,Phrase,Photo,Trained
366,BM,B        Places,BM     Mom,,,,Family & Friends,Single Word,Photo,Trained - Repeated
367,BN,B        Places,BN     Ellie,,,,Family & Friends,Single Word,Photo,Trained - Repeated
368,BO,B        Places,BO     Isabelle,,,,Family & Friends,Single Word,Photo,Trained - Repeated
369,BP,B        Places,BP     Tillie,,,,Family & Friends,Single Word,Photo,Trained - Repeated
370,BQ,B        Places,BQ     Like,,,,Self/State,Single Word,Abstract Sign,Trained - Repeated
371,BR,B        Places,BR     No like,,,,Self/State,Phrase,Abstract Sign,Trained - Repeated
372,C,C         Experience,,,,,Navigation,Single Word,Drawing,Trained
373,CA,C         Experience,CA   Back,,,,Navigation,Single Word,Abstract Sign,Trained - Repeated
374,CB,C         Experience,CB   Mom,,,,Family & Friends,Single Word,Photo,Trained - Repeated
375,CC,C         Experience,CC   ,,,,,,,
376,CD,C         Experience,CD   Touch,,,,Action,Single Word,Abstract Sign,Trained
377,CE,C         Experience,CE    See,,,,Action,Single Word,Abstract Sign,Trained
378,CF,C         Experience,CF    Hear,,,,Action,Single Word,Abstract Sign,Trained
379,CG,C         Experience,CG  Ellie,,,,Family & Friends,Single Word,Photo,Trained - Repeated
380,CH,C         Experience,CH   Tillie,,,,Family & Friends,Single Word,Photo,Trained - Repeated
381,CI,C         Experience,CI     Isabelle,,,,Family & Friends,Single Word,Photo,Trained - Repeated
382,CJ,C         Experience,CJ     Read,,,,Socio-Cognitive,Single Word,Abstract Sign,Trained
383,CK,C         Experience,CK   Taste,,,,Action,Single Word,Drawing,Trained
384,CL,C         Experience,CL    Smell,,,,Action,Single Word,Photo,Trained
385,CM,C         Experience,CM  Love,,,,Self/State,Single Word,Drawing,Trained - Repeated
386,CN,C         Experience,CN  Happy,,,,Self/State,Single Word,Drawing,Trained - Repeated
387,CO,C         Experience,CO  Excited,,,,Self/State,Single Word,Drawing,Trained - Repeated
388,CP,C         Experience,CP  Sad,,,,Self/State,Single Word,Drawing,Trained - Repeated
389,CQ,C         Experience,CQ  Like,,,,Self/State,Single Word,Abstract Sign,Trained - Repeated
390,CR,C         Experience,CR  No like,,,,Self/State,Phrase,Abstract Sign,Trained - Repeated
391,D,D        To play,,,,,Navigation,Phrase,Drawing,Trained
392,DA,D        To play,DA  Back,,,,Navigation,Single Word,Abstract Sign,Trained - Repeated
393,DB,D        To play,DB   Snuggle,,,,Action,Single Word,Drawing,Trained
394,DC,D        To play,DC   Tracing and writing,,,,Navigation,Phrase,Photo,Trained - Repeated
395,DCA,D        To play,DC   Tracing and writing,DCA Back,,,Navigation,Single Word,Abstract Sign,Trained - Repeated
396,DCB,D        To play,DC   Tracing and writing,DCB Tracing,,,Socio-Cognitive,Single Word,Photo,Trained
397,DCC,D        To play,DC   Tracing and writing,DCC ,,,,,,
398,DCD,D        To play,DC   Tracing and writing,DCD Free writing practice,,,Socio-Cognitive,Phrase,Photo,Trained
399,DCE,D        To play,DC   Tracing and writing,DCE Letter practice,,,Socio-Cognitive,Phrase,Photo,Trained
400,DCF,D        To play,DC   Tracing and writing,DCF Draw what I see,,,Socio-Cognitive,Phrase,Photo,Trained
401,DCG,D        To play,DC   Tracing and writing,DCG Kindergarten lines,,,Socio-Cognitive,Phrase,Photo,Trained
402,DCH,D        To play,DC   Tracing and writing,DCH Write words,,,Socio-Cognitive,Phrase,Photo,Trained
403,DCI,D        To play,DC   Tracing and writing,DCI Spelling,,,Socio-Cognitive,Single Word,Photo,Trained
404,DD,D        To play,DD  ,,,,,,,
405,DE,D        To play,DE   Book,,,,Navigation,Single Word,Drawing,Trained - Repeated
406,DEA,D        To play,DE   Book,DEA Back,,,Navigation,Single Word,Abstract Sign,Trained - Repeated
407,DEB,D        To play,DE   Book,DEB Touch and Feel,,,Socio-Cognitive,Single Word,Photo,Trained
408,DEC,D        To play,DE   Book,DEC Pop-up,,,Socio-Cognitive,Single Word,Photo,Trained
409,DED,D        To play,DE   Book,DED Reading Book,,,Navigation,Phrase,Photo,Trained
410,DEDA,D        To play,DE   Book,DED Reading Book,DEDA Back,,Navigation,Single Word,Abstract Sign,Trained - Repeated
411,DEDB,D        To play,DE   Book,DED Reading Book,DEDB One Word,,Socio-Cognitive,Phrase,Photo,Trained
412,DEDC,D        To play,DE   Book,DED Reading Book,DEDC Sentence Book,,Socio-Cognitive,Phrase,Abstract Sign,Trained
413,DEE,D        To play,DE   Book,DEE,,,,,,
414,DEF,D        To play,DE   Book,DEF Theme,,,Navigation,Single Word,Drawing,Trained - Repeated
415,DEFA,D        To play,DE   Book,DEF Theme,DEFA Back,,Navigation,Single Word,Abstract Sign,Trained - Repeated
416,DEFB,D        To play,DE   Book,DEF Theme,DEFB Fantasy,,Navigation,Single Word,Drawing,Trained - Repeated
417,DEFBA,D        To play,DE   Book,DEF Theme,DEFB Fantasy,DEFBA Back,Navigation,Single Word,Abstract Sign,Trained - Repeated
418,DEFBB,D        To play,DE   Book,DEF Theme,DEFB Fantasy,DEFBB,,,,
419,DEFBC,D        To play,DE   Book,DEF Theme,DEFB Fantasy,DEFBC Unicorn,Socio-Cognitive,Single Word,Drawing,Trained - Repeated
420,DEFBD,D        To play,DE   Book,DEF Theme,DEFB Fantasy,DEFBD Dragon,Socio-Cognitive,Single Word,Drawing,Trained - Repeated
421,DEFBE,D        To play,DE   Book,DEF Theme,DEFB Fantasy,DEFBE Fairy,Socio-Cognitive,Single Word,Drawing,Trained - Repeated
422,DEFBF,D        To play,DE   Book,DEF Theme,DEFB Fantasy,DEFBF Mermaid,Socio-Cognitive,Single Word,Drawing,Trained - Repeated
423,DEFBG,D        To play,DE   Book,DEF Theme,DEFB Fantasy,DEFBG Elf,Socio-Cognitive,Single Word,Drawing,Trained - Repeated
424,DEFBH,D        To play,DE   Book,DEF Theme,DEFB Fantasy,DEFBH Gnome,Socio-Cognitive,Single Word,Drawing,Trained - Repeated
425,DEFC,D        To play,DE   Book,DEF Theme,DEFC Animals,,Navigation,Single Word,Drawing,Trained
426,DEFCA,D        To play,DE   Book,DEF Theme,DEFC Animals,DEFCA Back,Navigation,Single Word,Abstract Sign,Trained - Repeated
427,DEFCB,D        To play,DE   Book,DEF Theme,DEFC Animals,DEFCB Baby Animals,Socio-Cognitive,Phrase,Photo,Trained - Repeated
428,DEFCC,D        To play,DE   Book,DEF Theme,DEFC Animals,DEFCC,,,,
429,DEFCD,D        To play,DE   Book,DEF Theme,DEFC Animals,DEFCD Jungle Animals,Socio-Cognitive,Phrase,Photo,Trained - Repeated
430,DEFCE,D        To play,DE   Book,DEF Theme,DEFC Animals,DEFCE Underwater Animals,Socio-Cognitive,Phrase,Drawing,Trained - Repeated
431,DEFCF,D        To play,DE   Book,DEF Theme,DEFC Animals,DEFCF Backyard Animals,Socio-Cognitive,Phrase,Photo,Trained - Repeated
432,DEFCG,D        To play,DE   Book,DEF Theme,DEFC Animals,DEFCG Bugs,Socio-Cognitive,Single Word,Photo,Trained - Repeated
433,DEFD,D        To play,DE   Book,DEF Theme,DEFD Seasonal,,Navigation,Single Word,Photo,Trained
434,DEFDA,D        To play,DE   Book,DEF Theme,DEFD Seasonal,DEFDA Back,Navigation,Single Word,Abstract Sign,Trained - Repeated
435,DEFDB,D        To play,DE   Book,DEF Theme,DEFD Seasonal,DEFDB Spring,Socio-Cognitive,Single Word,Photo,Trained - Repeated
436,DEFDC,D        To play,DE   Book,DEF Theme,DEFD Seasonal,DEFDC Summer,Socio-Cognitive,Single Word,Photo,Trained - Repeated
437,DEFDD,D        To play,DE   Book,DEF Theme,DEFD Seasonal,DEFDD ,,,,
438,DEFDE,D        To play,DE   Book,DEF Theme,DEFD Seasonal,DEFDE Fall,Socio-Cognitive,Single Word,Photo,Trained - Repeated
439,DEFDF,D        To play,DE   Book,DEF Theme,DEFD Seasonal,DEFDF Winter,Socio-Cognitive,Single Word,Photo,Trained - Repeated
440,DEFE,D        To play,DE   Book,DEF Theme,DEFE Holidays,,Navigation,Single Word,Photo,Trained
441,DEFEA,D        To play,DE   Book,DEF Theme,DEFE Holidays,DEFEA Back,Navigation,Single Word,Abstract Sign,Trained - Repeated
442,DEFEB,D        To play,DE   Book,DEF Theme,DEFE Holidays,DEFEB Easter,Socio-Cognitive,Single Word,Photo,Trained - Repeated
443,DEFEC,D        To play,DE   Book,DEF Theme,DEFE Holidays,DEFEC Halloween,Socio-Cognitive,Single Word,Photo,Trained - Repeated
444,DEFED,D        To play,DE   Book,DEF Theme,DEFE Holidays,DEFED Christmas,Socio-Cognitive,Single Word,Drawing,Trained - Repeated
445,DEG,D        To play,DE   Book,DEG Death and Sad,,,Socio-Cognitive,Phrase,Photo,Generalized
446,DF,D        To play,DF Crafts,,,,Socio-Cognitive,Single Word,Drawing,Trained - Repeated
447,DG,D        To play,DG Typing,,,,Socio-Cognitive,Single Word,Photo,Trained
448,DH,D        To play,DH Leaf Wrestle,,,,Socio-Cognitive,Phrase,Photo,Trained
449,DI,D        To play,DI Tablet Games,,,,Navigation,Phrase,Drawing,Trained - Repeated
450,DIA,D        To play,DI Tablet Games,DIA back,,,Navigation,Single Word,Abstract Sign,Trained - Repeated
451,DIB,D        To play,DI Tablet Games,DIB Balloon pop,,,Socio-Cognitive,Phrase,Photo,Trained
452,DIC,D        To play,DI Tablet Games,DIC Piano,,,Socio-Cognitive,Single Word,Photo,Trained
453,DID,D        To play,DI Tablet Games,DID Puzzle,,,Socio-Cognitive,Single Word,Photo,Trained
454,DIE,D        To play,DI Tablet Games,DIE Number match,,,Socio-Cognitive,Phrase,Photo,Trained
455,DIF,D        To play,DI Tablet Games,DIF Puzzle world,,,Socio-Cognitive,Phrase,Photo,Trained
456,DIG,D        To play,DI Tablet Games,DIG Card Match,,,Socio-Cognitive,Phrase,Photo,Trained
457,DIH,D        To play,DI Tablet Games,DIH Coloring,,,Socio-Cognitive,Single Word,Photo,Trained - Repeated
458,DII,D        To play,DI Tablet Games,DII,,,,,,
459,DIJ,D        To play,DI Tablet Games,DIJ Baby unicorn,,,Socio-Cognitive,Phrase,Photo,Trained
460,DJ,D        To play,DJ Cards,,,,Socio-Cognitive,Single Word,Drawing,Trained - Repeated
461,DK,D        To play,DK Look at art,,,,Socio-Cognitive,Phrase,Drawing,Trained - Repeated
462,DL,D        To play,DL Play outside,,,,Space-Temporal,Phrase,Drawing,Trained - Repeated
463,DM,D        To play,DM Learning theme,,,,Socio-Cognitive,Phrase,Photo,Trained - Repeated
464,DN,D        To play,DN Learn new words,,,,Socio-Cognitive,Phrase,Abstract Sign,Trained - Repeated
465,DO,D        To play,DO Mom,,,,Family & Friends,Single Word,Photo,Trained - Repeated
466,DP,D        To play,DP Ellie,,,,Family & Friends,Single Word,Photo,Trained - Repeated
467,DQ,D        To play,DQ Tillie,,,,Family & Friends,Single Word,Photo,Trained - Repeated
468,DR,D        To play,DR Isabelle,,,,Family & Friends,Single Word,Photo,Trained - Repeated
469,E,E         To Say Hello To,,,,,Navigation,Phrase,Drawing,Trained
470,EA,E         To Say Hello To,EA   Back,,,,Navigation,Single Word,Abstract Sign,Trained - Repeated
471,EB,E         To Say Hello To,EB   Mom,,,,Family & Friends,Single Word,Photo,Trained - Repeated
472,EC,E         To Say Hello To,EC    Grandma,,,,Family & Friends,Single Word,Photo,Trained - Repeated
473,ED,E         To Say Hello To,ED   Cori,,,,Family & Friends,Single Word,Photo,Trained
474,EE,E         To Say Hello To,EE    ,,,,,,,
475,EF,E         To Say Hello To,EF    Sierra,,,,Family & Friends,Single Word,Photo,Trained
476,EG,E         To Say Hello To,EG   Car Ride,,,,Space-Temporal,Single Word,Drawing,Trained - Repeated
477,EH,E         To Say Hello To,EH   Bird Friends,,,,Family & Friends,Phrase,Photo,Trained
478,EI,E         To Say Hello To,EI      Outside walk,,,,Space-Temporal,Phrase,Photo,Trained - Repeated
479,EJ,E         To Say Hello To,EJ     Golf cart ride,,,,Space-Temporal,Phrase,Abstract Sign,Trained - Repeated
480,F,F         Entertainment,,,,,Navigation,Single Word,Photo,Trained
481,FA,F         Entertainment,FA   Back,,,,Navigation,Single Word,Abstract Sign,Trained - Repeated
482,FB,F         Entertainment,FB    Music,,,,Navigation,Single Word,Photo,Trained - Repeated
483,FBA,F         Entertainment,FB    Music,FBA Back,,,Navigation,Single Word,Abstract Sign,Trained - Repeated
484,FBB,F         Entertainment,FB    Music,FBB ,,,,,,
485,FBC,F         Entertainment,FB    Music,FBC Baroque,,,Navigation,Single Word,Photo,Trained
486,FBCA,F         Entertainment,FB    Music,FBC Baroque,FBCA Back,,Navigation,Single Word,Abstract Sign,Trained - Repeated
487,FBCB,F         Entertainment,FB    Music,FBC Baroque,FBCB Bach,,Resources,Single Word,Photo,Trained
488,FBCC,F         Entertainment,FB    Music,FBC Baroque,FBCC,,,,,
489,FBCD,F         Entertainment,FB    Music,FBC Baroque,FBCD Handel,,Resources,Single Word,Photo,Trained
490,FBCE,F         Entertainment,FB    Music,FBC Baroque,FBCE Vivaldi,,Resources,Single Word,Photo,Trained
491,FBD,F         Entertainment,FB    Music,FBD Romantic Era ,,,Navigation,Phrase,Photo,Trained
492,FBDA,F         Entertainment,FB    Music,FBD Romantic Era ,FBDA Back,,Navigation,Single Word,Abstract Sign,Trained - Repeated
493,FBDB,F         Entertainment,FB    Music,FBD Romantic Era ,FBDB Beethoven,,Resources,Single Word,Photo,Trained
494,FBDC,F         Entertainment,FB    Music,FBD Romantic Era ,FBDC Saint Seans,,Resources,Phrase,Photo,Trained
495,FBDD,F         Entertainment,FB    Music,FBD Romantic Era ,FBDD ,,,,,
496,FBDE,F         Entertainment,FB    Music,FBD Romantic Era ,FBDE Tchaikovsky,,Resources,Single Word,Photo,Trained
497,FBDF,F         Entertainment,FB    Music,FBD Romantic Era ,FBDF Rimsky-Korsakav,,Resources,Phrase,Photo,Trained
498,FBE,F         Entertainment,FB    Music,FBE Impressionist Era,,,Navigation,Phrase,Photo,Trained
499,FBEA,F         Entertainment,FB    Music,FBE Impressionist Era,FBEA Back,,Navigation,Single Word,Abstract Sign,Trained - Repeated
500,FBEB,F         Entertainment,FB    Music,FBE Impressionist Era,FBEB Debussy,,Resources,Single Word,Photo,Trained
501,FBF,F         Entertainment,FB    Music,FBF Instrumental,,,Navigation,Single Word,Photo,Trained
502,FBFA,F         Entertainment,FB    Music,FBF Instrumental,FBFA Back,,Navigation,Single Word,Abstract Sign,Trained - Repeated
503,FBFB,F         Entertainment,FB    Music,FBF Instrumental,FBFB Guitar,,Resources,Single Word,Photo,Trained
504,FBFC,F         Entertainment,FB    Music,FBF Instrumental,FBFC Violin,,Resources,Single Word,Photo,Trained
505,FBFD,F         Entertainment,FB    Music,FBF Instrumental,FBFD Hang drum,,Resources,Phrase,Photo,Trained
506,FBFE,F         Entertainment,FB    Music,FBF Instrumental,FBFE Trumpet,,Resources,Single Word,Photo,Trained
507,FBFF,F         Entertainment,FB    Music,FBF Instrumental,FBFF,,,,,
508,FBFG,F         Entertainment,FB    Music,FBF Instrumental,FBFG Saxophone,,Resources,Single Word,Photo,Trained
509,FBFH,F         Entertainment,FB    Music,FBF Instrumental,FBFH Yanni,,Resources,Single Word,Photo,Untrained - Unused
510,FBG,F         Entertainment,FB    Music,FBG Dance,,,Navigation,Single Word,Photo,Trained
511,FBGA,F         Entertainment,FB    Music,FBG Dance,FBGA Back,,Navigation,Single Word,Abstract Sign,Trained - Repeated
512,FBGB,F         Entertainment,FB    Music,FBG Dance,FBGB Techno dance,,Resources,Phrase,Drawing,Trained
513,FBGC,F         Entertainment,FB    Music,FBG Dance,FBGC Pop Jason mraz,,Resources,Phrase,Photo,Trained
514,FBGD,F         Entertainment,FB    Music,FBG Dance,FBGD Pop imagine dragons,,Resources,Phrase,Photo,Trained
515,FBH,F         Entertainment,FB    Music,FBH Learn Something New,,,Socio-Cognitive,Phrase,Abstract Sign,Trained - Repeated
516,FBI,F         Entertainment,FB    Music,FBI I Play,,,Socio-Cognitive,Phrase,Photo,Generalized
517,FBJ,F         Entertainment,FB    Music,FBJ Loud,,,Qualifiers,Single Word,Drawing,Trained
518,FBK,F         Entertainment,FB    Music,FBK Quiet,,,Qualifiers,Single Word,Drawing,Trained
519,FC,F         Entertainment,FC    Cartoons,,,,Navigation,Single Word,Photo,Trained
520,FCA,F         Entertainment,FC    Cartoons,FCA Back,,,Navigation,Single Word,Abstract Sign,Trained - Repeated
521,FCB,F         Entertainment,FC    Cartoons,FCB Peppa pig,,,Resources,Phrase,Photo,Trained
522,FCC,F         Entertainment,FC    Cartoons,FCC,,,,,,
523,FCD,F         Entertainment,FC    Cartoons,FCD Little Kingdom,,,Resources,Phrase,Photo,Trained
524,FCE,F         Entertainment,FC    Cartoons,FCE Cloudbabies,,,Resources,Single Word,Photo,Trained
525,FCF,F         Entertainment,FC    Cartoons,FCF Katuri,,,Resources,Single Word,Photo,Trained
526,FCG,F         Entertainment,FC    Cartoons,FCG Seasonal and Holidays,,,Navigation,Phrase,Photo,Trained - Repeated
527,FCGA,F         Entertainment,FC    Cartoons,FCG Seasonal and Holidays,FCGA Back,,Navigation,Single Word,Abstract Sign,Trained - Repeated
528,FCGB,F         Entertainment,FC    Cartoons,FCG Seasonal and Holidays,FCGB Seasonal,,Navigation,Single Word,Photo,Trained - Repeated
529,FCGBA,F         Entertainment,FC    Cartoons,FCG Seasonal and Holidays,FCGB Seasonal,FCGBA Back,Navigation,Single Word,Abstract Sign,Trained - Repeated
530,FCGBB,F         Entertainment,FC    Cartoons,FCG Seasonal and Holidays,FCGB Seasonal,FCGBB ,,,,
531,FCCBC,F         Entertainment,FC    Cartoons,FCG Seasonal and Holidays,FCGB Seasonal,FCGBC Spring,Resources,Single Word,Photo,Trained - Repeated
532,FCGBD,F         Entertainment,FC    Cartoons,FCG Seasonal and Holidays,FCGB Seasonal,FCGBD Summer,Resources,Single Word,Photo,Trained - Repeated
533,FCGBE,F         Entertainment,FC    Cartoons,FCG Seasonal and Holidays,FCGB Seasonal,FCGBE Fall ,Resources,Single Word,Photo,Trained - Repeated
534,FCGBF,F         Entertainment,FC    Cartoons,FCG Seasonal and Holidays,FCGB Seasonal,FCGBF Winter,Resources,Single Word,Photo,Trained - Repeated
535,FCGC,F         Entertainment,FC    Cartoons,FCG Seasonal and Holidays,FCGC Holidays,,Navigation,Single Word,Photo,Trained - Repeated
536,FCGCA,F         Entertainment,FC    Cartoons,FCG Seasonal and Holidays,FCGC Holidays,FCGCA Back,Navigation,Single Word,Abstract Sign,Trained - Repeated
537,FCGCB,F         Entertainment,FC    Cartoons,FCG Seasonal and Holidays,FCGC Holidays,FCGCB Easter,Resources,Single Word,Photo,Trained - Repeated
538,FCGCC,F         Entertainment,FC    Cartoons,FCG Seasonal and Holidays,FCGC Holidays,FCGCC,,,,
539,FCGCD,F         Entertainment,FC    Cartoons,FCG Seasonal and Holidays,FCGC Holidays,FCGCD Halloween,Resources,Single Word,Photo,Trained - Repeated
540,FCGCE,F         Entertainment,FC    Cartoons,FCG Seasonal and Holidays,FCGC Holidays,FCGCE Christmas,Resources,Single Word,Drawing,Trained - Repeated
541,FCH,F         Entertainment,FC    Cartoons,FCH Fantasy,,,Navigation,Single Word,Drawing,Trained - Repeated
542,FCH,F         Entertainment,FC    Cartoons,FCH Fantasy,FCHA Back,,Navigation,Single Word,Abstract Sign,Trained - Repeated
543,FCH,F         Entertainment,FC    Cartoons,FCH Fantasy,FCHB Unicorn,,Resources,Single Word,Drawing,Trained - Repeated
544,FCH,F         Entertainment,FC    Cartoons,FCH Fantasy,FCHC Dragon,,Resources,Single Word,Drawing,Trained - Repeated
545,FCH,F         Entertainment,FC    Cartoons,FCH Fantasy,FCHD Fairy,,Resources,Single Word,Drawing,Trained - Repeated
546,FCH,F         Entertainment,FC    Cartoons,FCH Fantasy,FCHE Mermaid,,Resources,Single Word,Drawing,Trained - Repeated
547,FCH,F         Entertainment,FC    Cartoons,FCH Fantasy,FCHF Elf,,Resources,Single Word,Drawing,Trained - Repeated
548,FCH,F         Entertainment,FC    Cartoons,FCH Fantasy,FCHG Gnome,,Resources,Single Word,Drawing,Trained - Repeated
549,FCI,F         Entertainment,FC    Cartoons,FCI Animals,,,Navigation,Single Word,Drawing,Trained - Repeated
550,FCIA,F         Entertainment,FC    Cartoons,FCI Animals,FCIA Back,,Navigation,Single Word,Abstract Sign,Trained - Repeated
551,FCIB,F         Entertainment,FC    Cartoons,FCI Animals,FCIB Underwater Animals,,Resources,Phrase,Drawing,Trained - Repeated
552,FCIC,F         Entertainment,FC    Cartoons,FCI Animals,FCIC Baby Animals,,Resources,Phrase,Photo,Trained - Repeated
553,FCID,F         Entertainment,FC    Cartoons,FCI Animals,FCID Jungle Animals,,Resources,Phrase,Photo,Trained - Repeated
554,FCIE,F         Entertainment,FC    Cartoons,FCI Animals,FCIE Backyard Animals,,Resources,Phrase,Photo,Trained - Repeated
555,FD,F         Entertainment,FD    Alexa    ,,,,Navigation,Single Word,Photo,Trained
556,FDA,F         Entertainment,FD    Alexa    ,FDA Back,,,Navigation,Single Word,Abstract Sign,Trained - Repeated
557,FDB,F         Entertainment,FD    Alexa    ,FDB Mom,,,Family & Friends,Single Word,Photo,Trained - Repeated
558,FDC ,F         Entertainment,FD    Alexa    ,FDC Alexa play meditation music,,,Resources,Phrase,Photo,Generalized
559,FDD,F         Entertainment,FD    Alexa    ,FDD ,,,,,,
560,FDE,F         Entertainment,FD    Alexa    ,FDE Alexa play Vivaldi,,,Resources,Phrase,Photo,Generalized
561,FDF,F         Entertainment,FD    Alexa    ,FDF Alexa play Beethoven on spotify,,,Resources,Phrase,Photo,Generalized
562,FDG,F         Entertainment,FD    Alexa    ,FDG Alexa play cartoons alexa play number 1,,,Resources,Phrase,Photo,Generalized
563,FDH,F         Entertainment,FD    Alexa    ,FDH Alexa play Yiruma,,,Resources,Phrase,Photo,Generalized
564,FDI,F         Entertainment,FD    Alexa    ,FDI Alexa play Will Ackerman,,,Resources,Phrase,Photo,Generalized
565,FDJ,F         Entertainment,FD    Alexa    ,FDJ Alexa play hooked on a feeling on Pandora,,,Resources,Phrase,Photo,Generalized
566,FDK,F         Entertainment,FD    Alexa    ,FDK Alexa play Coldplay on Pandora,,,Resources,Phrase,Photo,Generalized
567,FDL,F         Entertainment,FD    Alexa    ,FDL Alexa play peppa pig cartoons,,,Resources,Phrase,Photo,Generalized
568,FDM,F         Entertainment,FD    Alexa    ,FDM Alexa thumbs up,,,Self/State,Phrase,Abstract Sign,Generalized
569,FDN,F         Entertainment,FD    Alexa    ,FDN Alexa thumbs down,,,Self/State,Phrase,Abstract Sign,Generalized
570,FDO,F         Entertainment,FD    Alexa    ,FDO Alexa volume 5,,,Qualifiers,Phrase,Abstract Sign,Generalized
571,FDP,F         Entertainment,FD    Alexa    ,FDP Alexa volume 3,,,Qualifiers,Phrase,Abstract Sign,Generalized
572,FDQ,F         Entertainment,FD    Alexa    ,FDQ Alexa play Handel,,,Resources,Phrase,Photo,Generalized
573,FDR,F         Entertainment,FD    Alexa    ,FDR Alexa cancel,,,Action,Phrase,Abstract Sign,Generalized
574,G,G        Food and Drinks,,,,,Navigation,Phrase,Drawing,Trained
575,GA,G        Food and Drinks,GA  Back,,,,Navigation,Single Word,Abstract Sign,Trained - Repeated
576,GB,G        Food and Drinks,GB  To Eat,,,,Navigation,Phrase,Drawing,Trained
577,GBA,G        Food and Drinks,GB  To Eat,GBA Back,,,Navigation,Single Word,Abstract Sign,Trained - Repeated
578,GBB,G        Food and Drinks,GB  To Eat,GBB,,,,,,
579,GBC,G        Food and Drinks,GB  To Eat,GBC A toast,,,Resources,Phrase,Photo,Trained
580,GBD,G        Food and Drinks,GB  To Eat,GBD Eggs,,,Resources,Single Word,Photo,Trained
581,GBE,G        Food and Drinks,GB  To Eat,GBE A pancake,,,Resources,Phrase,Photo,Trained
582,GBF,G        Food and Drinks,GB  To Eat,GBF Tofu,,,Resources,Single Word,Photo,Trained
583,GBG,G        Food and Drinks,GB  To Eat,GBG Cook Breakfast,,,Resources,Phrase,Abstract Sign,Trained
584,GBH,G        Food and Drinks,GB  To Eat,GBH Cook Dinner,,,Resources,Phrase,Abstract Sign,Trained
585,GBI,G        Food and Drinks,GB  To Eat,GBI Chop,,,Resources,Single Word,Photo,Trained
586,GBJ,G        Food and Drinks,GB  To Eat,GBJ An Apple,,,Resources,Phrase,Photo,Trained
587,GBK,G        Food and Drinks,GB  To Eat,GBK A Banana,,,Resources,Phrase,Photo,Trained
588,GBL ,G        Food and Drinks,GB  To Eat,GBL  Pear,,,Resources,Single Word,Photo,Trained
589,GBM,G        Food and Drinks,GB  To Eat,GBM Spaghetti,,,Resources,Single Word,Drawing,Trained
590,GC,G        Food and Drinks,GC To Drink,,,,Navigation,Phrase,Photo,Trained
591,GCA,G        Food and Drinks,GC To Drink,GCA Back,,,Navigation,Single Word,Abstract Sign,Trained - Repeated
592,GCB,G        Food and Drinks,GC To Drink,GCB Water,,,Resources,Single Word,Photo,Trained
593,GCC,G        Food and Drinks,GC To Drink,GCC Tea,,,Resources,Single Word,Photo,Trained - Repeated
594,GCD,G        Food and Drinks,GC To Drink,GCD Juice,,,Resources,Single Word,Photo,Trained
595,GD,G        Food and Drinks,GD Treats,,,,Navigation,Single Word,Photo,Trained
596,GDA,G        Food and Drinks,GD Treats,GDA Back,,,Navigation,Single Word,Abstract Sign,Trained - Repeated
597,GDB,G        Food and Drinks,GD Treats,GDB Sunflower Seeds,,,Resources,Phrase,Photo,Trained
598,GDC,G        Food and Drinks,GD Treats,GDC Nuts,,,Resources,Single Word,Photo,Trained
599,GDD,G        Food and Drinks,GD Treats,GDD Seed Ball,,,Resources,Phrase,Photo,Trained
600,GDE,G        Food and Drinks,GD Treats,GDE Mango,,,Resources,Single Word,Photo,Trained
601,GDF,G        Food and Drinks,GD Treats,GDF Medicine,,,Resources,Single Word,Abstract Sign,Trained - Repeated
602,GDG,G        Food and Drinks,GD Treats,GDG Almond,,,Resources,Single Word,Photo,Trained
603,H,H       Memory and Time,,,,,Navigation,Phrase,Drawing,Untrained - Discovered
604,HA,H       Memory and Time,HA Back,,,,Navigation,Single Word,Abstract Sign,Trained - Repeated
605,HB,H       Memory and Time,HB Time,,,,Navigation,Single Word,Photo,Untrained - Discovered
606,HBA,H       Memory and Time,HB Time,HBA Back,,,Navigation,Single Word,Abstract Sign,Trained - Repeated
607,HBB,H       Memory and Time,HB Time,HBB ,,,,,,
608,HBC,H       Memory and Time,HB Time,HBC Yesterday,,,Space-Temporal,Single Word,Abstract Sign,Trained
609,HBD,H       Memory and Time,HB Time,HBD Today,,,Space-Temporal,Single Word,Drawing,Trained
610,HBE,H       Memory and Time,HB Time,HBE Tomorrow,,,Space-Temporal,Single Word,Abstract Sign,Trained
611,HBF,H       Memory and Time,HB Time,HBF Calendar,,,Space-Temporal,Single Word,Drawing,Trained
612,HBG,H       Memory and Time,HB Time,HBG Past,,,Space-Temporal,Single Word,Abstract Sign,Trained
613,HBH,H       Memory and Time,HB Time,HBH Future,,,Space-Temporal,Single Word,Abstract Sign,Trained
614,HBI,H       Memory and Time,HB Time,HBI Look at pictures,,,Socio-Cognitive,Phrase,Drawing,Trained
615,HBJ,H       Memory and Time,HB Time,HBJ Talk about,,,Socio-Cognitive,Phrase,Abstract Sign,Trained
616,HBK,H       Memory and Time,HB Time,HBK Like,,,Self/State,Single Word,Abstract Sign,Trained
617,HBL,H       Memory and Time,HB Time,HBL No like,,,Self/State,Phrase,Abstract Sign,Trained
618,HBM,H       Memory and Time,HB Time,HBM I love you,,,Self/State,Phrase,Drawing,Trained
619,HBN,H       Memory and Time,HB Time,HBN Excited,,,Self/State,Single Word,Drawing,Trained
620,HBO,H       Memory and Time,HB Time,HBO Happy,,,Self/State,Single Word,Drawing,Trained
621,HBP,H       Memory and Time,HB Time,HBP Sad,,,Self/State,Single Word,Drawing,Trained
622,HBQ,H       Memory and Time,HB Time,HBQ Afraid,,,Self/State,Single Word,Drawing,Trained
623,HBR,H       Memory and Time,HB Time,HBR Body,,,Self/State,Single Word,Drawing,Trained
624,HC,H       Memory and Time,HC Remember,,,,Navigation,Single Word,Photo,Untrained - Discovered
625,HCA,H       Memory and Time,HC Remember,HCA Back,,,Navigation,Single Word,Abstract Sign,Trained - Repeated
626,HCB,H       Memory and Time,HC Remember,HCB Moonlight,,,Family & Friends,Single Word,Photo,Untrained - Discovered
627,HCC,H       Memory and Time,HC Remember,HCC Lily,,,Family & Friends,Single Word,Photo,Untrained - Discovered
628,HCD,H       Memory and Time,HC Remember,HCD Old house,,,Socio-Cognitive,Phrase,Photo,Untrained - Discovered
629,HCE,H       Memory and Time,HC Remember,HCE Second old house,,,Socio-Cognitive,Phrase,Photo,Untrained - Discovered
630,HCF,H       Memory and Time,HC Remember,HCF Chris,,,Family & Friends,Single Word,Photo,Untrained - Discovered
631,HCG,H       Memory and Time,HC Remember,HCG Talk About Feelings,,,Self/State,Phrase,Drawing,Untrained - Discovered
632,HCH,H       Memory and Time,HC Remember,HCH Talk About,,,Socio-Cognitive,Phrase,Abstract Sign,Untrained - Discovered
633,HCI,H       Memory and Time,HC Remember,HCI Look at pictures,,,Socio-Cognitive,Phrase,Drawing,Untrained - Discovered
634,HCJ,H       Memory and Time,HC Remember,HCJ Tillie's old house,,,Socio-Cognitive,Phrase,Photo,Untrained - Discovered
635,I,I Descriptions and Preferences,,,,,Navigation,Phrase,Drawing,Untrained - Discovered
636,IA,I Descriptions and Preferences,IA Back,,,,Navigation,Single Word,Abstract Sign,Trained - Repeated
637,IB,I Descriptions and Preferences,IB Opposites,,,,Navigation,Single Word,Drawing,Trained
638,IBA,I Descriptions and Preferences,IB Opposites,IBA Back,,,Navigation,Single Word,Abstract Sign,Trained - Repeated
639,IBB,I Descriptions and Preferences,IB Opposites,IBB,,,,,,
640,IBC,I Descriptions and Preferences,IB Opposites,IBC High up,,,Space-Temporal,Phrase,Drawing,Untrained - Discovered
641,IBD,I Descriptions and Preferences,IB Opposites,IBD Down low,,,Space-Temporal,Phrase,Drawing,Untrained - Discovered
642,IBE,I Descriptions and Preferences,IB Opposites,IBE Big,,,Qualifiers,Single Word,Drawing,Trained
643,IBF,I Descriptions and Preferences,IB Opposites,IBF Little,,,Qualifiers,Single Word,Drawing,Trained
644,IBG,I Descriptions and Preferences,IB Opposites,IBG Broken,,,Qualifiers,Single Word,Drawing,Untrained - Discovered
645,IBH,I Descriptions and Preferences,IB Opposites,IBH Fixed,,,Qualifiers,Single Word,Drawing,Untrained - Discovered
646,IBI,I Descriptions and Preferences,IB Opposites,IBI Light,,,Qualifiers,Single Word,Photo,Untrained - Discovered
647,IBJ,I Descriptions and Preferences,IB Opposites,IBJ Dark,,,Qualifiers,Single Word,Abstract Sign,Untrained - Discovered
648,IBK,I Descriptions and Preferences,IB Opposites,IBK In,,,Space-Temporal,Single Word,Abstract Sign,Untrained - Discovered
649,IBL,I Descriptions and Preferences,IB Opposites,IBL Out,,,Space-Temporal,Single Word,Abstract Sign,Untrained - Discovered
650,IBM,I Descriptions and Preferences,IB Opposites,IBM Empty,,,Qualifiers,Single Word,Drawing,Untrained - Discovered
651,IBN,I Descriptions and Preferences,IB Opposites,IBN Full,,,Qualifiers,Single Word,Drawing,Untrained - Discovered
652,IBO,I Descriptions and Preferences,IB Opposites,IBO Like,,,Self/State,Single Word,Abstract Sign,Trained - Repeated
653,IBP,I Descriptions and Preferences,IB Opposites,IBP No like,,,Self/State,Phrase,Abstract Sign,Trained - Repeated
654,IBQ,I Descriptions and Preferences,IB Opposites,IBQ Easy,,,Qualifiers,Single Word,Abstract Sign,Untrained - Discovered
655,IBR,I Descriptions and Preferences,IB Opposites,IBR Hard,,,Qualifiers,Single Word,Abstract Sign,Untrained - Discovered
656,IC,I Descriptions and Preferences,IC Movement,,,,Navigation,Single Word,Drawing,Trained
657,ICA,I Descriptions and Preferences,IC Movement,ICA Back,,,Navigation,Single Word,Abstract Sign,Trained - Repeated
658,ICB,I Descriptions and Preferences,IC Movement,ICB Run,,,Action,Single Word,Drawing,Trained
659,ICC,I Descriptions and Preferences,IC Movement,ICC,,,,,,
660,ICD,I Descriptions and Preferences,IC Movement,ICD Jump,,,Action,Single Word,Drawing,Trained
661,ICE,I Descriptions and Preferences,IC Movement,ICE Swim,,,Action,Single Word,Drawing,Trained
662,ICF,I Descriptions and Preferences,IC Movement,ICF Fly,,,Action,Single Word,Drawing,Trained
663,ICG,I Descriptions and Preferences,IC Movement,ICG Sit,,,Action,Single Word,Drawing,Trained
664,ICH,I Descriptions and Preferences,IC Movement,ICH Walk,,,Action,Single Word,Drawing,Trained
665,ICI,I Descriptions and Preferences,IC Movement,ICI Fast,,,Qualifiers,Single Word,Abstract Sign,Trained - Repeated
666,ICJ,I Descriptions and Preferences,IC Movement,ICJ Slow,,,Qualifiers,Single Word,Abstract Sign,Trained - Repeated
667,ICK,I Descriptions and Preferences,IC Movement,ICK Like,,,Self/State,Single Word,Abstract Sign,Trained - Repeated
668,ICL,I Descriptions and Preferences,IC Movement,ICL No Like,,,Self/State,Phrase,Abstract Sign,Trained - Repeated
669,ICM,I Descriptions and Preferences,IC Movement,ICM Mom,,,Family & Friends,Single Word,Photo,Trained - Repeated
670,ICN,I Descriptions and Preferences,IC Movement,ICN Tillie,,,Family & Friends,Single Word,Photo,Trained - Repeated
671,ICO,I Descriptions and Preferences,IC Movement,ICO Ellie,,,Family & Friends,Single Word,Photo,Trained - Repeated
672,ICP,I Descriptions and Preferences,IC Movement,ICP Isabelle,,,Family & Friends,Single Word,Photo,Trained - Repeated
673,ICQ,I Descriptions and Preferences,IC Movement,ICQ,,,,,,
674,ID,I Descriptions and Preferences,ID Fix please,,,,Navigation,Phrase,Abstract Sign,Untrained - Discovered
675,IDA,I Descriptions and Preferences,ID Fix please,IDA Back,,,Navigation,Single Word,Abstract Sign,Trained - Repeated
676,IDB,I Descriptions and Preferences,ID Fix please,IDB inside,,,Space-Temporal,Single Word,Photo,Generalized
677,IDC,I Descriptions and Preferences,ID Fix please,IDC outside,,,Space-Temporal,Single Word,Photo,Generalized
678,IDD,I Descriptions and Preferences,ID Fix please,IDD,,,,,,
679,IDE,I Descriptions and Preferences,ID Fix please,IDE Down low,,,Space-Temporal,Phrase,Drawing,Untrained - Discovered
680,IDF,I Descriptions and Preferences,ID Fix please,IDF High up,,,Space-Temporal,Phrase,Drawing,Untrained - Discovered
681,IDG,I Descriptions and Preferences,ID Fix please,IDG Broken,,,Qualifiers,Single Word,Drawing,Untrained - Discovered
682,IDH,I Descriptions and Preferences,ID Fix please,IDH Fix,,,Qualifiers,Single Word,Drawing,Untrained - Discovered
683,IDI,I Descriptions and Preferences,ID Fix please,IDI White,,,Qualifiers,Single Word,Photo,Untrained - Discovered
684,IDJ,I Descriptions and Preferences,ID Fix please,IDJ Blue,,,Qualifiers,Single Word,Photo,Untrained - Discovered
685,IDK,I Descriptions and Preferences,ID Fix please,IDK Brown,,,Qualifiers,Single Word,Photo,Untrained - Discovered
686,IDL,I Descriptions and Preferences,ID Fix please,IDL Tablet,,,Resources,Single Word,Photo,Untrained - Discovered
687,IDM,I Descriptions and Preferences,ID Fix please,IDM Mom,,,Family & Friends,Single Word,Photo,Trained - Repeated
688,IDN,I Descriptions and Preferences,ID Fix please,IDN Ellie,,,Family & Friends,Single Word,Photo,Trained - Repeated
689,IDO,I Descriptions and Preferences,ID Fix please,IDO Tillie,,,Family & Friends,Single Word,Photo,Trained - Repeated
690,IDP,I Descriptions and Preferences,ID Fix please,IDP Isabelle,,,Family & Friends,Single Word,Photo,Trained - Repeated
691,IDQ,I Descriptions and Preferences,ID Fix please,IDQ Like,,,Self/State,Single Word,Abstract Sign,Trained - Repeated
692,IDR,I Descriptions and Preferences,ID Fix please,IDR No like,,,Self/State,Phrase,Abstract Sign,Trained - Repeated
693,IE,I Descriptions and Preferences,IE Clean,,,,Navigation,Single Word,Photo,Untrained - Discovered
694,IEA,I Descriptions and Preferences,IE Clean,IEA Back,,,Navigation,Single Word,Abstract Sign,Trained - Repeated
695,IEB,I Descriptions and Preferences,IE Clean,IEB Floor,,,Resources,Single Word,Photo,Untrained - Discovered
696,IEC,I Descriptions and Preferences,IE Clean,IEC Sweep broom,,,Resources,Phrase,Photo,Untrained - Discovered
697,IED,I Descriptions and Preferences,IE Clean,IED Papers,,,Resources,Single Word,Photo,Untrained - Discovered
698,IEE,I Descriptions and Preferences,IE Clean,IEE,,,,,,
699,IEF,I Descriptions and Preferences,IE Clean,IEF Cages,,,Resources,Single Word,Photo,Untrained - Discovered
700,IEG,I Descriptions and Preferences,IE Clean,IEG Broken,,,Qualifiers,Single Word,Drawing,Untrained - Discovered
701,IEH,I Descriptions and Preferences,IE Clean,IEH Fix,,,Qualifiers,Single Word,Drawing,Untrained - Discovered
702,IEI,I Descriptions and Preferences,IE Clean,IEI Mom,,,Family & Friends,Single Word,Photo,Trained - Repeated
703,IEJ,I Descriptions and Preferences,IE Clean,IEJ Fast,,,Qualifiers,Single Word,Abstract Sign,Trained - Repeated
704,IEK,I Descriptions and Preferences,IE Clean,IEK Slow,,,Qualifiers,Single Word,Abstract Sign,Trained - Repeated
705,IEL,I Descriptions and Preferences,IE Clean,IEL Outside aviary,,,Space-Temporal,Phrase,Photo,Trained - Repeated
706,IEM,I Descriptions and Preferences,IE Clean,IEM I help,,,Action,Phrase,Abstract Sign,Untrained - Discovered
707,IEN,I Descriptions and Preferences,IE Clean,IEN Ellie,,,Family & Friends,Single Word,Photo,Trained - Repeated
708,IEO,I Descriptions and Preferences,IE Clean,IEO Isabelle,,,Family & Friends,Single Word,Photo,Trained - Repeated
709,IEP,I Descriptions and Preferences,IE Clean,IEP Tillie,,,Family & Friends,Single Word,Photo,Trained - Repeated
710,IEQ,I Descriptions and Preferences,IE Clean,IEQ Like,,,Self/State,Single Word,Abstract Sign,Trained - Repeated
711,IER,I Descriptions and Preferences,IE Clean,IER No like,,,Self/State,Single Word,Abstract Sign,Trained - Repeated
712,IF,I Descriptions and Preferences,IF,,,,,,,
713,IG,I Descriptions and Preferences,IG Questions,,,,Navigation,Single Word,Abstract Sign,Trained
714,IGA,I Descriptions and Preferences,IG Questions,IGA Back,,,Navigation,Single Word,Abstract Sign,Trained - Repeated
715,IGB,I Descriptions and Preferences,IG Questions,IGB Who is that?,,,Socio-Cognitive,Phrase,Abstract Sign,Trained
716,IGC,I Descriptions and Preferences,IG Questions,IGC What is that?,,,Socio-Cognitive,Phrase,Abstract Sign,Trained
717,IGD,I Descriptions and Preferences,IG Questions,IGD Where are you going?,,,Socio-Cognitive,Phrase,Abstract Sign,Trained
718,IGE,I Descriptions and Preferences,IG Questions,IGE Where is someone?,,,Socio-Cognitive,Phrase,Abstract Sign,Trained
719,IGF,I Descriptions and Preferences,IG Questions,IGF How?,,,Socio-Cognitive,Single Word,Abstract Sign,Trained
720,IGG,I Descriptions and Preferences,IG Questions,IGG ,,,,,,
721,IGH,I Descriptions and Preferences,IG Questions,IGH Why?,,,Socio-Cognitive,Single Word,Abstract Sign,Trained
722,IGI,I Descriptions and Preferences,IG Questions,IGI When?,,,Socio-Cognitive,Single Word,Abstract Sign,Trained
723,IGJ,I Descriptions and Preferences,IG Questions,IGJ I know!,,,Socio-Cognitive,Phrase,Abstract Sign,Trained
724,IGK,I Descriptions and Preferences,IG Questions,IGK I dont know,,,Socio-Cognitive,Phrase,Abstract Sign,Trained - Repeated
725,IGL,I Descriptions and Preferences,IG Questions,IGL Inside,,,Space-Temporal,Single Word,Photo,Generalized
726,IGM,I Descriptions and Preferences,IG Questions,IGM Outside,,,Space-Temporal,Single Word,Photo,Generalized
727,IGN,I Descriptions and Preferences,IG Questions,IGN Isabelle,,,Family & Friends,Single Word,Photo,Trained - Repeated
728,IGO,I Descriptions and Preferences,IG Questions,IGO Tillie,,,Family & Friends,Single Word,Photo,Trained - Repeated
729,IGP,I Descriptions and Preferences,IG Questions,IGP Ellie,,,Family & Friends,Single Word,Photo,Trained - Repeated
730,IGQ,I Descriptions and Preferences,IG Questions,IGQ Mom,,,Family & Friends,Single Word,Photo,Trained - Repeated
731,IGR,I Descriptions and Preferences,IG Questions,IGR Someone Else,,,Family & Friends,Phrase,Abstract Sign,Generalized
732,IH,I Descriptions and Preferences,IH Squirrels,,,,Navigation,Single Word,Photo,Untrained - Discovered
733,IHA,I Descriptions and Preferences,IH Squirrels,IHA Back,,,Navigation,Single Word,Abstract Sign,Trained - Repeated
734,IHB,I Descriptions and Preferences,IH Squirrels,IHB Broken,,,Qualifiers,Single Word,Drawing,Untrained - Discovered
735,IHC,I Descriptions and Preferences,IH Squirrels,IHC Fix,,,Qualifiers,Single Word,Drawing,Untrained - Discovered
736,IHD,I Descriptions and Preferences,IH Squirrels,IHD Fast,,,Qualifiers,Single Word,Abstract Sign,Trained - Repeated
737,IHE,I Descriptions and Preferences,IH Squirrels,IHE Slow,,,Qualifiers,Single Word,Abstract Sign,Trained - Repeated
738,IHF,I Descriptions and Preferences,IH Squirrels,IHF Squirrel music,,,Resources,Phrase,Photo,Generalized
739,IHG,I Descriptions and Preferences,IH Squirrels,IHG ,,,,,,
740,IHH,I Descriptions and Preferences,IH Squirrels,IHH Squirrel,,,Family & Friends,Single Word,Photo,Trained - Repeated
741,IHI,I Descriptions and Preferences,IH Squirrels,IHI Tablet,,,Resources,Single Word,Photo,Untrained - Discovered
742,IHJ,I Descriptions and Preferences,IH Squirrels,IHJ Like,,,Self/State,Single Word,Abstract Sign,Trained - Repeated
743,IHK,I Descriptions and Preferences,IH Squirrels,IHK No like,,,Self/State,Phrase,Abstract Sign,Trained - Repeated
744,IHL,I Descriptions and Preferences,IH Squirrels,IHL Video call,,,Socio-Cognitive,Phrase,Photo,Untrained - Discovered
745,IHM,I Descriptions and Preferences,IH Squirrels,IHM Mom,,,Family & Friends,Single Word,Photo,Trained - Repeated
746,IHN,I Descriptions and Preferences,IH Squirrels,IHN Down low,,,Self/State,Phrase,Drawing,Untrained - Discovered
747,IHO,I Descriptions and Preferences,IH Squirrels,IHO Up high,,,Space-Temporal,Phrase,Drawing,Untrained - Discovered
748,IHP,I Descriptions and Preferences,IH Squirrels,IHP Blue,,,Qualifiers,Single Word,Photo,Untrained - Discovered
749,IHQ,I Descriptions and Preferences,IH Squirrels,IHQ Yellow,,,Qualifiers,Single Word,Photo,Untrained - Discovered
750,IHR,I Descriptions and Preferences,IH Squirrels,IHR Gray,,,Qualifiers,Single Word,Photo,Untrained - Discovered
751,J,J About Me,,,,,Navigation,Phrase,Drawing,Trained
752,JA,J About Me,JA Back,,,,Navigation,Single Word,Abstract Sign,Trained - Repeated
753,JB,J About Me,JB,,,,,,,
754,JC,J About Me,JC Temperature,,,,Navigation,Single Word,Abstract Sign,Trained - Repeated
755,JCA,J About Me,JC Temperature,JCA Back,,,Navigation,Single Word,Abstract Sign,Trained - Repeated
756,JCB,J About Me,JC Temperature,JCB Hot,,,Navigation,Single Word,Abstract Sign,Trained
757,JCBA,J About Me,JC Temperature,JCB Hot,JCBA Back,,Navigation,Single Word,Abstract Sign,Trained - Repeated
758,JCBB,J About Me,JC Temperature,JCB Hot,JCBB,,,,,
759,JCBC,J About Me,JC Temperature,JCB Hot,JCBC I Feel Hot,,Self/State,Phrase,Drawing,Generalized
760,JCBD,J About Me,JC Temperature,JCB Hot,JCBD I Want to Feel Hot,,Self/State,Phrase,Drawing,Generalized
761,JCBE,J About Me,JC Temperature,JCB Hot,JCBE Like,,Self/State,Single Word,Abstract Sign,Trained - Repeated
762,JCBF,J About Me,JC Temperature,JCB Hot,JCBF No Like,,Self/State,Phrase,Abstract Sign,Trained - Repeated
763,JCBG,J About Me,JC Temperature,JCB Hot,JCBG I felt hot,,Space-Temporal,Phrase,Abstract Sign,Generalized
764,JCBH,J About Me,JC Temperature,JCB Hot,JCBH I will feel hot,,Space-Temporal,Phrase,Abstract Sign,Generalized
765,JCBI,J About Me,JC Temperature,JCB Hot,JCBI Hot outside,,Space-Temporal,Phrase,Photo,Untrained - Discovered
766,JCBJ,J About Me,JC Temperature,JCB Hot,JCBJ Hot inside,,Space-Temporal,Phrase,Abstract Sign,Untrained - Discovered
767,JCBK,J About Me,JC Temperature,JCB Hot,JCBK Talk about,,Socio-Cognitive,Phrase,Abstract Sign,Trained - Repeated
768,JCC,J About Me,JC Temperature,JCC,,,,,,
769,JCD,J About Me,JC Temperature,JCD Warm,,,Navigation,Single Word,Abstract Sign,Trained
770,JCDA,J About Me,JC Temperature,JCD Warm,JCDA Back,,Navigation,Single Word,Abstract Sign,Trained - Repeated
771,JCDB,J About Me,JC Temperature,JCD Warm,JCDB I Feel Warm,,Self/State,Phrase,Drawing,Generalized
772,JCDC,J About Me,JC Temperature,JCD Warm,JCDC I Want to Feel Warm,,Self/State,Phrase,Drawing,Generalized
773,JCDD,J About Me,JC Temperature,JCD Warm,JCDD,,,,,
774,JCDE,J About Me,JC Temperature,JCD Warm,JCDE Like,,Self/State,Single Word,Abstract Sign,Trained - Repeated
775,JCDF,J About Me,JC Temperature,JCD Warm,JCDF No Like,,Self/State,Phrase,Abstract Sign,Trained - Repeated
776,JCDG,J About Me,JC Temperature,JCD Warm,JCDG I felt warm,,Space-Temporal,Phrase,Abstract Sign,Generalized
777,JCDH,J About Me,JC Temperature,JCD Warm,JCDH I will feel warm,,Space-Temporal,Phrase,Abstract Sign,Generalized
778,JCDI,J About Me,JC Temperature,JCD Warm,JCDI Warm outside,,Space-Temporal,Phrase,Photo,Untrained - Discovered
779,JCDJ,J About Me,JC Temperature,JCD Warm,JCDJ Warm inside,,Space-Temporal,Phrase,Abstract Sign,Untrained - Discovered
780,JCDK,J About Me,JC Temperature,JCD Warm,JCDK Talk about,,Socio-Cognitive,Phrase,Abstract Sign,Trained - Repeated
781,JCE,J About Me,JC Temperature,JCE Cool,,,Navigation,Single Word,Abstract Sign,Trained
782,JCEA,J About Me,JC Temperature,JCE Cool,JCEA Back,,Navigation,Single Word,Abstract Sign,Trained - Repeated
783,JCEB,J About Me,JC Temperature,JCE Cool,JCEB I Feel Cool,,Self/State,Phrase,Drawing,Generalized
784,JCEC,J About Me,JC Temperature,JCE Cool,JCEC I Want to Feel Cool,,Self/State,Phrase,Drawing,Generalized
785,JCED,J About Me,JC Temperature,JCE Cool,JCED Like,,Self/State,Single Word,Abstract Sign,Trained - Repeated
786,JCEE,J About Me,JC Temperature,JCE Cool,JCEE,,,,,
787,JCEF,J About Me,JC Temperature,JCE Cool,JCEF No Like,,Self/State,Phrase,Abstract Sign,Trained - Repeated
788,JCEG,J About Me,JC Temperature,JCE Cool,JCEG I felt cool,,Space-Temporal,Phrase,Abstract Sign,Generalized
789,JCEH,J About Me,JC Temperature,JCE Cool,JCEH I will feel cool,,Space-Temporal,Phrase,Abstract Sign,Generalized
790,JCEI,J About Me,JC Temperature,JCE Cool,JCEI Cool outside,,Space-Temporal,Phrase,Photo,Untrained - Discovered
791,JCEJ,J About Me,JC Temperature,JCE Cool,JCEJ Cool inside,,Space-Temporal,Phrase,Abstract Sign,Untrained - Discovered
792,JCEK,J About Me,JC Temperature,JCE Cool,JCEK Talk about,,Socio-Cognitive,Phrase,Abstract Sign,Trained - Repeated
793,JCF,J About Me,JC Temperature,JCF Cold,,,Navigation,Single Word,Abstract Sign,Trained
794,JCFA,J About Me,JC Temperature,JCF Cold,JCFA Back,,Navigation,Single Word,Abstract Sign,Trained - Repeated
795,JCFB,J About Me,JC Temperature,JCF Cold,JCFB I feel cold,,Self/State,Phrase,Drawing,Generalized
796,JCFC,J About Me,JC Temperature,JCF Cold,JCFC I want to feel cold,,Self/State,Phrase,Drawing,Generalized
797,JCFD,J About Me,JC Temperature,JCF Cold,JCFD Like,,Self/State,Single Word,Abstract Sign,Trained - Repeated
798,JCFE,J About Me,JC Temperature,JCF Cold,JCFE No like,,Self/State,Phrase,Abstract Sign,Trained - Repeated
799,JCFF,J About Me,JC Temperature,JCF Cold,JCFF,,,,,
800,JCFG,J About Me,JC Temperature,JCF Cold,JCFG I felt cold,,Space-Temporal,Phrase,Abstract Sign,Generalized
801,JCFH,J About Me,JC Temperature,JCF Cold,JCFH I will feel cold,,Space-Temporal,Phrase,Abstract Sign,Generalized
802,JCFI,J About Me,JC Temperature,JCF Cold,JCFI Cold outside,,Space-Temporal,Phrase,Photo,Untrained - Discovered
803,JCFJ,J About Me,JC Temperature,JCF Cold,JCFJ Cold inside,,Space-Temporal,Phrase,Photo,Untrained - Discovered
804,JCFK,J About Me,JC Temperature,JCF Cold,JCFK Talk about,,Socio-Cognitive,Phrase,Abstract Sign,Trained - Repeated
805,JCG,J About Me,JC Temperature,JCG Sun,,,Space-Temporal,Single Word,Photo,Trained - Repeated
806,JCH,J About Me,JC Temperature,JCH Wind,,,Space-Temporal,Single Word,Photo,Trained - Repeated
807,JCI,J About Me,JC Temperature,JCI Cloud,,,Space-Temporal,Single Word,Photo,Trained - Repeated
808,JCJ,J About Me,JC Temperature,JCJ Rain,,,Space-Temporal,Single Word,Photo,Trained - Repeated
809,JCK,J About Me,JC Temperature,JCK Night - Star,,,Space-Temporal,Phrase,Photo,Trained - Repeated
810,JCL,J About Me,JC Temperature,JCL Moon,,,Space-Temporal,Single Word,Photo,Trained - Repeated
811,JCM,J About Me,JC Temperature,JCM Lightning thunder cheese game,,,Resources,Phrase,Photo,Trained - Repeated
812,JCN,J About Me,JC Temperature,JCN Happy,,,Self/State,Single Word,Drawing,Trained - Repeated
813,JCO,J About Me,JC Temperature,JCO Afraid,,,Self/State,Single Word,Drawing,Trained - Repeated
814,JCP,J About Me,JC Temperature,JCP Mad,,,Self/State,Single Word,Drawing,Trained - Repeated
815,JCQ,J About Me,JC Temperature,JCQ Like,,,Self/State,Single Word,Abstract Sign,Trained - Repeated
816,JCR,J About Me,JC Temperature,JCR No like,,,Self/State,Phrase,Abstract Sign,Trained - Repeated
817,JD,J About Me,JD Body,,,,Navigation,Single Word,Drawing,Trained - Repeated
818,JDA,J About Me,JD Body,JDA Back,,,Navigation,Single Word,Abstract Sign,Trained - Repeated
819,JDB,J About Me,JD Body,JDB Head,,,Self/State,Single Word,Photo,Trained
820,JDC,J About Me,JD Body,JDC Tummy,,,Self/State,Single Word,Photo,Trained
821,JDD,J About Me,JD Body,JDD,,,,,,
822,JDE,J About Me,JD Body,JDE Wing,,,Self/State,Single Word,Photo,Trained
823,JDF,J About Me,JD Body,JDF Foot,,,Self/State,Single Word,Photo,Trained
824,JDG,J About Me,JD Body,JDG Past,,,Space-Temporal,Single Word,Abstract Sign,Generalized
825,JDH,J About Me,JD Body,JDH Today,,,Space-Temporal,Single Word,Drawing,Generalized
826,JDI,J About Me,JD Body,JDI Feel Good,,,Self/State,Phrase,Drawing,Generalized
827,JDJ,J About Me,JD Body,JDJ Ouch,,,Self/State,Single Word,Drawing,Generalized
828,JDK,J About Me,JD Body,JDK Feel,,,Self/State,Single Word,Drawing,Generalized
829,JDL,J About Me,JD Body,JDL Medicine,,,Navigation,Single Word,Abstract Sign,Trained
830,JDLA,J About Me,JD Body,JDL Medicine,JDLA Back,,Navigation,Single Word,Abstract Sign,Trained - Repeated
831,JDLB,J About Me,JD Body,JDL Medicine,JDLB Treat syringe,,Resources,Phrase,Photo,Trained
832,JDLC,J About Me,JD Body,JDL Medicine,JDLC Ouch medicine,,Resources,Phrase,Photo,Trained
833,JDLD,J About Me,JD Body,JDL Medicine,JDLD Sick medicine,,Resources,Phrase,Photo,Trained
834,JDLE,J About Me,JD Body,JDL Medicine,JDLE Handful of treats,,Resources,Phrase,Photo,Trained
835,JDM,J About Me,JD Body,JDM Ellie,,,Family & Friends,Single Word,Photo,Trained - Repeated
836,JDN,J About Me,JD Body,JDN Isabelle,,,Family & Friends,Single Word,Photo,Trained - Repeated
837,JDO,J About Me,JD Body,JDO Tillie,,,Family & Friends,Single Word,Photo,Trained - Repeated
838,JDP,J About Me,JD Body,JDP Like,,,Self/State,Single Word,Abstract Sign,Trained - Repeated
839,JDQ,J About Me,JD Body,JDQ No like,,,Self/State,Phrase,Abstract Sign,Trained - Repeated
840,JDR,J About Me,JD Body,JDR Types of ouch,,,Navigation,Phrase,Abstract Sign,Trained
841,JDRA,J About Me,JD Body,JDR Types of ouch,JDRA Back,,Navigation,Single Word,Abstract Sign,Trained - Repeated
842,JDRB,J About Me,JD Body,JDR Types of ouch,JDRB Inside ouch,,Self/State,Phrase,Drawing,Trained
843,JDRC,J About Me,JD Body,JDR Types of ouch,JDRC Outside ouch,,Self/State,Phrase,Photo,Trained
844,JDRD,J About Me,JD Body,JDR Types of ouch,JDRD Bone ouch,,Self/State,Phrase,Drawing,Trained
845,JDRE,J About Me,JD Body,JDR Types of ouch,JDRE Sick ouch,,Self/State,Phrase,Drawing,Trained
846,JDRF,J About Me,JD Body,JDR Types of ouch,JDRF What type of ouch?,,Socio-Cognitive,Phrase,Drawing,Trained
847,JDRG,J About Me,JD Body,JDR Types of ouch,JDRG Cancer,,Self/State,Single Word,Drawing,Trained
848,JDRH,J About Me,JD Body,JDR Types of ouch,JDRH I felt ouch,,Space-Temporal,Phrase,Abstract Sign,Generalized
849,JDRI,J About Me,JD Body,JDR Types of ouch,JDRI I will feel ouch,,Space-Temporal,Phrase,Abstract Sign,Generalized
850,JDRJ,J About Me,JD Body,JDR Types of ouch,JDRJ I feel ouch,,Self/State,Phrase,Drawing,Generalized
851,JDRK,J About Me,JD Body,JDR Types of ouch,JDRK Afraid ouch,,Self/State,Phrase,Drawing,Generalized
852,JDRO,J About Me,JD Body,JDR Types of ouch,JDRO Mom,,Family & Friends,Single Word,Photo,Trained - Repeated
853,JDRP,J About Me,JD Body,JDR Types of ouch,JDRP Ellie,,Family & Friends,Single Word,Photo,Trained - Repeated
854,JDRQ,J About Me,JD Body,JDR Types of ouch,JDRQ Isabelle,,Family & Friends,Single Word,Photo,Trained - Repeated
855,JDRR,J About Me,JD Body,JDR Types of ouch,JDRR Tillie,,Family & Friends,Single Word,Photo,Trained - Repeated
856,JE,J About Me,JE Feeling,,,,Navigation,Single Word,Abstract Sign,Trained
857,JEA,J About Me,JE Feeling,JEA Back,,,Navigation,Single Word,Abstract Sign,Trained - Repeated
858,JEB,J About Me,JE Feeling,JEB Happy,,,Navigation,Single Word,Drawing,Trained - Repeated
859,JEBA,J About Me,JE Feeling,JEB Happy,JEBA Back,,Navigation,Single Word,Abstract Sign,Trained - Repeated
860,JEBB,J About Me,JE Feeling,JEB Happy,JEBB,,,,,
861,JEBC,J About Me,JE Feeling,JEB Happy,JEBC I feel happy,,Self/State,Phrase,Drawing,Trained
862,JEBD,J About Me,JE Feeling,JEB Happy,JEBD I want to feel happy,,Self/State,Phrase,Drawing,Trained
863,JEBE,J About Me,JE Feeling,JEB Happy,JEBE,,,,,
864,JEBF,J About Me,JE Feeling,JEB Happy,JEBF,,,,,
865,JEBG,J About Me,JE Feeling,JEB Happy,JEBG I felt happy,,Space-Temporal,Phrase,Abstract Sign,Trained
866,JEBH,J About Me,JE Feeling,JEB Happy,JEBH I will feel happy,,Space-Temporal,Phrase,Abstract Sign,Trained
867,JEC,J About Me,JE Feeling,JEC Excited,,,Navigation,Single Word,Drawing,Trained - Repeated
868,JECA,J About Me,JE Feeling,JEC Excited,JECA Back,,Navigation,Single Word,Abstract Sign,Trained - Repeated
869,JECB,J About Me,JE Feeling,JEC Excited,JECB I feel excited,,Self/State,Phrase,Drawing,Generalized
870,JECC,J About Me,JE Feeling,JEC Excited,JECC,,,,,
871,JECD,J About Me,JE Feeling,JEC Excited,JECD I want to feel excited,,Self/State,Phrase,Drawing,Generalized
872,JECE,J About Me,JE Feeling,JEC Excited,JECE,,,,,
873,JECF,J About Me,JE Feeling,JEC Excited,JECF,,,,,
874,JECG,J About Me,JE Feeling,JEC Excited,JECG I felt excited,,Space-Temporal,Phrase,Abstract Sign,Generalized
875,JECH,J About Me,JE Feeling,JEC Excited,JECH I will feel excited,,Space-Temporal,Phrase,Abstract Sign,Generalized
876,JED,J About Me,JE Feeling,JED Mad,,,Navigation,Single Word,Drawing,Trained - Repeated
877,JEDA,J About Me,JE Feeling,JED Mad,JEDA Back,,Navigation,Single Word,Abstract Sign,Trained - Repeated
878,JEDB,J About Me,JE Feeling,JED Mad,JEDB I feel mad,,Self/State,Phrase,Drawing,Generalized
879,JEDC,J About Me,JE Feeling,JED Mad,JEDC I want to feel mad,,Self/State,Phrase,Drawing,Generalized
880,JEDD,J About Me,JE Feeling,JED Mad,JEDD,,,,,
881,JEDE,J About Me,JE Feeling,JED Mad,JEDE,,,,,
882,JEDF,J About Me,JE Feeling,JED Mad,JEDF,,,,,
883,JEDG,J About Me,JE Feeling,JED Mad,JEDG I felt mad,,Space-Temporal,Phrase,Abstract Sign,Generalized
884,JEDH,J About Me,JE Feeling,JED Mad,JEDH I will feel mad,,Space-Temporal,Phrase,Abstract Sign,Generalized
885,JEF,J About Me,JE Feeling,JEF,,,,,,
886,JEG,J About Me,JE Feeling,JEG Afraid,,,Navigation,Single Word,Drawing,Trained - Repeated
887,JEGA,J About Me,JE Feeling,JEG Afraid,JEGA Back,,Navigation,Single Word,Abstract Sign,Trained - Repeated
888,JEGB,J About Me,JE Feeling,JEG Afraid,JEGB I feel afraid,,Self/State,Phrase,Drawing,Generalized
889,JEGC,J About Me,JE Feeling,JEG Afraid,JEGC I want to feel afraid,,Self/State,Phrase,Drawing,Generalized
890,JEGD,J About Me,JE Feeling,JEG Afraid,JEGD,,,,,
891,JEGE,J About Me,JE Feeling,JEG Afraid,JEGE,,,,,
892,JEGF,J About Me,JE Feeling,JEG Afraid,JEGF,,,,,
893,JEGG,J About Me,JE Feeling,JEG Afraid,JEGG I felt afraid,,Space-Temporal,Phrase,Abstract Sign,Generalized
894,JEGH,J About Me,JE Feeling,JEG Afraid,JEGH I will feel afraid,,Space-Temporal,Phrase,Abstract Sign,Generalized
895,JEH,J About Me,JE Feeling,JEH Body,,,Self/State,Single Word,Drawing,Trained - Repeated
896,JEI,J About Me,JE Feeling,JEI I love you,,,Self/State,Phrase,Drawing,Trained - Repeated
897,JEJ,J About Me,JE Feeling,JEJ Like,,,Self/State,Single Word,Abstract Sign,Trained - Repeated
898,JEK,J About Me,JE Feeling,JEK No like,,,Self/State,Phrase,Abstract Sign,Trained - Repeated
899,JEL,J About Me,JE Feeling,JEL Sad,,,Navigation,Single Word,Drawing,Trained - Repeated
900,JELA,J About Me,JE Feeling,JEL Sad,JELA Back,,Navigation,Single Word,Abstract Sign,Trained - Repeated
901,JELB,J About Me,JE Feeling,JEL Sad,JELB I feel sad,,Self/State,Phrase,Drawing,Generalized
902,JELC,J About Me,JE Feeling,JEL Sad,JELC I want to feel sad,,Self/State,Phrase,Drawing,Generalized
903,JELD,J About Me,JE Feeling,JEL Sad,JELD,,,,,
904,JELE,J About Me,JE Feeling,JEL Sad,JELE,,,,,
905,JELF,J About Me,JE Feeling,JEL Sad,JELF,,,,,
906,JELG,J About Me,JE Feeling,JEL Sad,JELG I felt sad,,Space-Temporal,Phrase,Abstract Sign,Generalized
907,JELH,J About Me,JE Feeling,JEL Sad,JELH I will feel sad,,Space-Temporal,Phrase,Abstract Sign,Generalized
908,JEM,J About Me,JE Feeling,JEM Eww,,,Self/State,Single Word,Drawing,Trained
909,JEN,J About Me,JE Feeling,JEN Interesting,,,Self/State,Single Word,Drawing,Untrained - Unused
910,JEO,J About Me,JE Feeling,JEO Boring,,,Self/State,Single Word,Drawing,Untrained - Unused